gender,SeniorCitizen,Partner,Dependents,tenure,PhoneService,MultipleLines,InternetService,OnlineSecurity,OnlineBackup,DeviceProtection,TechSupport,StreamingTV,StreamingMovies,Contract,PaperlessBilling,PaymentMethod,MonthlyCharges,TotalCharges,RevenueRisk,PredictedChurn
1,1,1,0,61,1,2,2,1,1,1,1,1,1,2,0,0,25.0,1501.75,1525.0,0
0,0,0,0,19,1,2,2,1,1,1,1,1,1,0,0,0,24.7,465.85,469.3,0
1,0,1,0,13,1,2,1,0,0,2,0,2,2,0,1,1,102.25,1359.0,1329.25,1
1,0,1,0,37,1,2,0,2,0,0,0,0,0,0,1,3,55.05,2030.75,2036.85,0
0,0,0,0,6,0,1,0,2,0,0,0,0,0,0,0,0,29.45,161.45,176.7,0
1,0,1,0,3,0,1,0,0,2,0,0,0,0,0,0,1,29.8,94.4,89.4,1
1,1,1,1,52,1,2,0,0,2,2,0,2,2,1,1,2,80.85,4079.55,4204.2,0
0,1,0,0,15,1,0,1,0,0,0,0,2,2,0,1,2,91.5,1400.3,1372.5,1
0,0,0,0,26,1,2,0,2,2,0,0,2,0,0,1,0,69.5,1800.05,1807.0,0
1,0,1,0,66,1,2,0,2,2,0,2,2,2,2,0,2,85.25,5538.35,5626.5,0
1,0,0,0,4,1,0,1,0,0,2,0,0,2,0,0,2,86.05,308.1,344.2,0
1,0,1,0,8,1,0,1,2,0,0,0,0,0,0,0,2,75.0,632.95,600.0,0
1,0,0,0,48,1,0,2,1,1,1,1,1,1,2,0,1,20.15,982.95,967.1999999999999,0
0,0,0,1,10,1,2,0,2,0,2,2,0,2,1,0,1,73.55,693.3,735.5,0
0,0,0,0,64,1,2,1,2,2,2,2,2,2,2,1,0,115.1,7334.05,7366.4,0
1,0,0,0,22,1,0,1,0,2,0,0,2,2,0,1,3,93.2,2157.3,2050.4,0
1,1,0,0,1,1,2,1,0,0,0,0,2,2,0,1,2,93.55,93.55,93.55,1
1,0,0,0,67,1,0,0,0,0,0,2,0,0,2,0,0,50.55,3260.1,3386.85,0
1,0,0,1,22,1,0,1,0,2,2,0,2,0,0,1,2,89.4,2001.5,1966.8000000000002,0
1,0,1,0,65,1,2,1,0,2,0,0,2,0,0,1,0,91.85,5940.85,5970.25,0
1,0,1,1,34,0,1,0,2,0,0,0,0,0,1,0,0,30.4,938.65,1033.6,0
0,0,1,0,72,1,0,2,1,1,1,1,1,1,2,0,0,20.05,1423.65,1443.6000000000001,0
1,0,0,0,5,1,0,0,0,2,0,0,0,0,0,1,2,51.35,262.3,256.75,1
1,1,1,0,46,1,2,1,0,0,2,0,2,2,0,1,2,98.85,4564.9,4547.099999999999,1
0,0,0,0,2,1,0,1,0,0,0,0,0,0,0,1,2,70.15,123.8,140.3,0
1,0,1,1,37,1,0,0,2,0,2,2,0,0,1,1,3,58.75,2203.1,2173.75,0
0,0,0,0,33,1,2,2,1,1,1,1,1,1,2,0,1,25.7,826.1,848.1,0
0,0,0,1,16,1,0,2,1,1,1,1,1,1,1,1,0,19.3,360.35,308.8,0
1,0,0,0,6,1,2,1,0,0,0,0,0,0,0,1,2,74.9,469.8,449.40000000000003,1
0,0,1,1,13,1,0,0,0,0,0,0,0,2,0,0,2,55.95,734.35,727.35,0
1,0,1,0,47,1,2,1,0,0,0,0,2,2,1,1,1,95.2,4563.0,4474.400000000001,0
0,0,0,0,1,1,0,1,0,0,0,0,0,0,0,1,2,69.5,69.5,69.5,1
1,0,1,1,39,1,0,0,2,0,2,2,2,2,1,0,1,80.0,3182.95,3120.0,0
1,1,1,0,63,1,2,1,2,2,2,0,2,2,2,0,1,108.5,6991.9,6835.5,0
0,0,0,0,10,1,0,2,1,1,1,1,1,1,0,0,3,18.85,163.2,188.5,0
1,0,0,0,10,1,2,2,1,1,1,1,1,1,0,1,2,24.0,226.55,240.0,0
0,0,0,0,18,1,2,1,0,0,2,2,0,2,0,1,0,95.05,1679.4,1710.8999999999999,0
1,0,0,0,1,1,0,0,2,0,0,0,0,0,0,1,1,49.8,49.8,49.8,0
1,0,1,0,66,0,1,0,2,2,2,2,2,0,2,1,0,56.6,3789.2,3735.6,0
1,1,0,0,69,1,0,2,1,1,1,1,1,1,2,0,1,20.3,1356.3,1400.7,0
1,0,0,0,3,1,0,0,0,0,0,2,2,2,0,1,2,69.35,191.35,208.04999999999998,0
0,0,0,0,68,1,0,2,1,1,1,1,1,1,2,0,1,19.6,1441.65,1332.8000000000002,0
1,0,1,1,6,1,0,2,1,1,1,1,1,1,1,0,3,19.45,113.5,116.69999999999999,0
1,0,0,0,72,1,0,2,1,1,1,1,1,1,2,0,0,19.85,1434.1,1429.2,0
0,1,1,0,58,1,2,1,0,0,0,2,2,2,0,1,0,100.4,5749.8,5823.200000000001,0
0,0,1,1,45,1,2,1,2,2,0,0,2,2,0,1,2,105.15,4730.9,4731.75,0
1,0,1,1,68,1,2,1,2,2,2,0,2,2,2,1,2,110.2,7467.5,7493.6,0
1,0,1,1,32,1,2,1,2,0,0,0,2,2,0,1,1,99.55,3204.65,3185.6,0
1,0,0,0,1,1,2,1,0,0,0,0,0,0,0,1,2,74.9,74.9,74.9,1
1,0,0,0,9,1,0,1,0,0,0,0,0,0,0,1,2,70.5,597.9,634.5,0
0,0,1,1,19,0,1,0,0,0,0,0,0,0,0,1,3,24.85,434.8,472.15000000000003,0
1,0,1,1,60,1,0,0,2,2,2,2,0,0,1,1,0,65.85,3928.3,3950.9999999999995,0
0,0,0,0,29,1,0,1,0,0,0,0,2,0,0,1,2,78.9,2384.15,2288.1000000000004,0
1,0,1,1,72,1,2,1,2,2,2,2,2,2,2,1,1,114.05,8468.2,8211.6,0
1,1,1,0,43,1,2,1,0,2,0,2,2,0,0,1,2,94.3,3953.15,4054.9,0
1,0,1,1,1,1,0,1,0,0,0,0,0,0,0,1,3,69.9,69.9,69.9,1
0,0,1,1,15,1,0,0,0,2,2,2,2,2,0,0,0,76.5,1155.6,1147.5,0
1,0,0,0,3,1,0,1,0,0,0,0,2,2,0,0,3,90.7,237.65,272.1,1
1,0,1,1,49,1,2,1,0,0,2,0,2,2,0,1,2,99.8,4872.45,4890.2,1
1,0,0,0,12,1,2,1,0,0,2,0,2,0,0,1,2,89.55,1021.75,1074.6,1
1,0,0,0,1,1,0,1,0,0,0,0,0,2,0,1,3,80.85,80.85,80.85,1
1,0,0,0,21,1,0,2,1,1,1,1,1,1,0,0,1,20.5,402.85,430.5,0
0,0,1,0,18,1,0,1,2,0,0,0,0,0,0,0,2,74.8,1438.05,1346.3999999999999,0
0,1,1,1,72,1,2,0,2,2,2,2,2,2,2,0,1,92.45,6440.25,6656.400000000001,0
1,0,0,0,72,1,0,2,1,1,1,1,1,1,2,0,0,19.3,1414.8,1389.6000000000001,0
0,0,0,0,46,1,0,1,0,0,2,0,0,0,0,1,1,74.8,3548.3,3440.7999999999997,0
0,1,0,0,7,1,0,1,2,0,0,0,0,0,0,0,0,76.45,503.6,535.15,0
0,0,1,1,72,1,2,0,2,0,2,2,2,2,2,0,1,84.7,5893.9,6098.400000000001,0
1,0,0,0,39,1,0,2,1,1,1,1,1,1,1,0,3,19.9,791.15,776.0999999999999,0
0,1,1,0,72,1,2,0,2,2,2,2,0,2,2,0,0,78.45,5682.25,5648.400000000001,0
1,0,0,0,1,1,2,0,0,0,0,0,0,0,0,0,3,50.75,50.75,50.75,1
1,0,0,1,72,1,0,2,1,1,1,1,1,1,2,0,1,19.9,1529.65,1432.8,0
1,0,1,0,6,1,2,1,0,0,0,0,2,0,0,1,2,82.85,460.25,497.09999999999997,1
0,0,0,1,44,1,0,2,1,1,1,1,1,1,2,0,3,19.9,868.1,875.5999999999999,0
0,0,0,0,1,1,0,2,1,1,1,1,1,1,0,0,3,20.95,20.95,20.95,1
0,0,1,0,18,1,0,2,1,1,1,1,1,1,2,0,3,20.1,370.5,361.8,0
1,0,1,1,41,1,2,0,0,2,2,0,2,0,1,0,0,68.5,2839.95,2808.5,0
0,0,1,1,48,1,0,2,1,1,1,1,1,1,2,0,0,20.2,1027.25,969.5999999999999,0
0,0,1,1,72,1,2,1,2,2,2,2,2,2,2,0,1,117.5,8670.1,8460.0,0
0,0,1,1,62,1,2,0,0,0,0,0,2,2,0,1,1,70.45,4300.45,4367.900000000001,0
0,0,1,1,1,1,0,2,1,1,1,1,1,1,0,0,2,19.45,19.45,19.45,0
0,0,0,0,11,1,2,1,2,0,0,0,0,0,0,1,0,79.0,929.3,869.0,0
1,0,0,0,12,1,0,1,2,0,2,0,0,0,0,0,0,81.7,858.6,980.4000000000001,0
0,0,0,0,35,1,2,1,0,0,0,0,2,0,0,1,2,86.45,3029.1,3025.75,1
1,0,0,0,17,1,0,1,0,0,0,0,0,0,0,1,2,70.8,1207.0,1203.6,0
1,0,1,1,34,1,0,1,0,0,0,0,0,2,1,1,0,78.95,2647.2,2684.3,0
0,0,1,1,59,1,2,0,2,2,2,2,2,2,2,0,1,90.3,5194.05,5327.7,0
0,0,1,1,41,1,0,0,0,2,0,2,0,2,1,1,0,66.5,2728.6,2726.5,0
1,0,1,1,35,1,2,2,1,1,1,1,1,1,2,0,0,25.45,809.25,890.75,0
0,0,1,1,72,1,2,0,2,2,2,2,2,0,2,0,0,80.2,5714.2,5774.400000000001,0
1,1,0,0,24,1,2,0,0,2,0,0,0,0,0,0,1,54.8,1291.3,1315.1999999999998,0
0,0,1,0,43,1,2,0,0,0,0,2,2,0,1,1,0,64.85,2908.2,2788.5499999999997,0
0,0,0,0,10,1,2,1,0,2,2,0,0,2,0,1,2,94.85,953.45,948.5,0
1,0,1,1,28,0,1,0,0,2,2,2,2,2,1,1,1,60.0,1682.05,1680.0,0
0,1,0,0,43,1,2,1,0,2,0,0,2,0,0,1,2,90.25,3838.75,3880.75,0
0,0,0,0,72,1,0,2,1,1,1,1,1,1,2,0,1,20.25,1566.9,1458.0,0
1,0,1,1,24,1,0,0,2,0,2,0,0,0,1,1,1,56.25,1454.25,1350.0,0
1,0,1,0,9,1,0,0,0,0,2,0,2,2,0,1,3,70.05,564.4,630.4499999999999,0
0,0,1,1,6,1,2,0,0,0,0,0,0,0,0,1,1,48.95,273.25,293.70000000000005,0
1,0,0,0,46,0,1,0,2,0,0,0,0,0,1,1,0,30.75,1489.3,1414.5,0
1,0,0,0,57,1,0,2,1,1,1,1,1,1,2,0,0,20.65,1125.6,1177.05,0
0,1,1,0,68,1,2,1,0,2,0,0,2,2,0,1,2,100.2,6851.65,6813.6,0
0,1,1,1,24,1,0,1,0,0,2,0,2,2,2,1,2,96.55,2263.45,2317.2,0
1,0,1,1,26,1,2,1,0,0,0,0,2,0,0,1,2,83.75,2070.6,2177.5,0
1,0,0,0,1,1,0,0,0,0,0,0,0,2,0,0,3,55.55,55.55,55.55,1
1,0,1,1,72,1,2,1,2,0,2,0,2,2,2,1,0,105.55,7542.25,7599.599999999999,0
0,1,1,0,33,1,2,1,0,2,0,0,0,0,0,1,0,80.6,2656.5,2659.7999999999997,1
1,0,0,0,39,1,0,0,0,0,0,2,0,0,2,1,0,49.8,1971.15,1942.1999999999998,0
1,0,0,0,9,1,2,1,0,0,0,0,0,0,0,1,2,75.85,724.65,682.65,0
0,0,1,1,41,0,1,0,2,0,2,0,0,0,1,0,1,35.4,1412.4,1451.3999999999999,0
1,0,0,0,71,1,2,1,2,0,0,2,0,2,1,0,1,97.65,6687.85,6933.150000000001,0
0,0,1,1,22,1,0,2,1,1,1,1,1,1,1,0,0,20.75,452.35,456.5,0
1,0,1,1,72,1,2,0,2,2,2,2,2,0,2,0,0,82.3,5815.15,5925.599999999999,0
0,1,0,0,13,1,0,1,0,0,2,0,2,2,0,1,2,96.85,1235.55,1259.05,1
0,0,0,0,68,1,2,2,1,1,1,1,1,1,2,0,0,25.5,1821.8,1734.0,0
1,0,0,0,1,1,0,0,0,0,0,0,0,0,0,0,3,44.6,44.6,44.6,0
0,0,1,0,70,1,0,2,1,1,1,1,1,1,2,0,0,19.8,1397.65,1386.0,0
0,0,1,0,68,1,2,0,2,0,0,2,0,0,1,0,0,58.25,3975.7,3961.0,0
1,0,1,1,37,0,1,0,2,2,2,0,0,0,0,0,0,40.2,1448.8,1487.4,0
0,0,1,1,41,1,0,2,1,1,1,1,1,1,2,0,0,19.7,804.25,807.6999999999999,0
1,1,0,0,4,1,0,1,2,0,0,0,0,0,0,0,2,75.35,273.4,301.4,0
1,0,0,0,4,1,0,1,0,0,0,0,2,2,0,1,2,88.45,370.65,353.8,1
1,0,0,0,72,1,2,1,0,2,2,0,2,2,2,1,2,103.65,7634.8,7462.8,0
1,0,0,1,23,1,0,2,1,1,1,1,1,1,1,0,3,19.8,465.45,455.40000000000003,0
0,0,0,0,15,1,2,2,1,1,1,1,1,1,2,0,0,25.05,369.1,375.75,0
1,0,0,0,13,0,1,0,2,0,0,2,2,0,0,1,1,45.55,597.0,592.15,0
0,0,0,0,5,1,0,2,1,1,1,1,1,1,0,1,3,20.5,104.3,102.5,0
0,0,1,0,46,1,0,0,2,2,0,2,0,2,1,0,3,70.6,3231.05,3247.6,0
0,0,0,0,12,0,1,0,2,0,0,2,0,0,1,1,3,33.6,435.45,403.20000000000005,0
1,0,0,0,44,1,0,2,1,1,1,1,1,1,1,0,1,19.5,835.5,858.0,0
0,0,0,0,68,0,1,0,0,2,0,2,0,2,0,0,2,44.95,3085.35,3056.6000000000004,0
0,0,0,0,1,1,0,2,1,1,1,1,1,1,0,1,3,19.9,19.9,19.9,1
1,0,1,0,30,1,0,2,1,1,1,1,1,1,1,0,1,19.8,576.65,594.0,0
1,0,1,1,41,1,2,1,0,0,2,2,2,2,1,1,2,102.6,4213.35,4206.599999999999,0
1,0,1,0,14,1,2,1,0,0,0,0,0,2,0,1,2,85.15,1139.2,1192.1000000000001,1
0,0,1,0,59,1,2,1,2,2,0,0,2,0,0,1,2,94.75,5597.65,5590.25,0
0,0,0,0,56,1,0,2,1,1,1,1,1,1,2,1,0,19.55,1080.55,1094.8,0
0,1,0,0,11,1,2,1,0,0,0,0,0,2,0,1,1,84.8,906.85,932.8,1
1,0,0,0,54,1,2,1,2,2,0,2,2,2,2,1,1,108.0,5760.65,5832.0,0
0,0,0,0,36,1,2,0,0,0,2,0,0,0,1,0,2,55.8,1941.5,2008.8,0
1,0,0,0,16,1,0,2,1,1,1,1,1,1,2,0,3,19.75,284.35,316.0,0
0,0,1,1,30,1,0,0,0,2,2,2,2,2,2,0,0,80.8,2369.3,2424.0,0
1,0,0,0,46,1,2,1,0,0,0,0,0,0,0,0,0,72.8,3249.4,3348.7999999999997,0
1,0,1,1,25,1,0,0,2,0,0,2,0,0,0,0,2,54.3,1296.8,1357.5,0
0,1,0,0,8,1,2,1,0,0,0,0,0,0,0,1,2,75.75,606.25,606.0,0
0,0,1,1,57,1,2,0,2,2,0,2,0,0,0,0,0,65.2,3687.85,3716.4,0
0,1,1,0,72,1,2,1,2,2,2,2,2,2,2,1,1,116.75,8277.05,8406.0,0
0,1,0,0,35,1,0,1,0,0,0,0,0,0,0,0,2,70.55,2419.0,2469.25,0
0,0,0,0,1,1,0,0,0,0,0,0,0,0,0,1,3,45.4,45.4,45.4,0
1,0,1,0,6,1,2,1,0,0,0,0,0,0,0,1,2,75.5,438.0,453.0,1
0,0,1,1,45,1,2,2,1,1,1,1,1,1,1,1,1,25.9,1216.6,1165.5,0
1,1,0,0,1,1,0,0,0,0,0,0,0,0,0,0,2,45.2,45.2,45.2,1
0,0,0,0,72,1,2,1,2,0,0,2,0,0,2,1,0,84.7,6185.15,6098.400000000001,0
0,0,1,1,72,0,1,0,2,2,2,2,0,2,2,0,1,55.65,3880.05,4006.7999999999997,0
1,0,0,0,9,0,1,0,0,0,0,0,2,2,0,1,2,45.4,418.8,408.59999999999997,1
0,1,0,0,49,1,0,1,0,2,2,0,0,2,1,1,0,89.85,4287.2,4402.65,0
0,0,0,0,23,1,0,1,0,2,2,2,0,0,0,0,0,83.2,2032.3,1913.6000000000001,0
1,0,1,0,35,1,2,1,0,0,0,2,2,0,0,1,1,91.5,3236.35,3202.5,0
1,0,0,0,5,0,1,0,2,2,2,2,0,0,0,1,3,43.25,219.0,216.25,0
1,0,1,1,13,1,0,1,2,0,0,0,0,2,0,0,2,84.05,1095.3,1092.6499999999999,0
0,0,1,0,45,1,0,0,0,0,2,0,0,0,0,1,1,50.25,2221.55,2261.25,0
1,0,1,0,12,1,0,0,0,0,2,2,2,2,0,1,2,74.15,741.4,889.8000000000001,0
0,0,0,0,72,1,0,2,1,1,1,1,1,1,2,1,0,21.15,1419.4,1522.8,0
0,0,1,1,1,1,0,2,1,1,1,1,1,1,0,1,3,19.4,19.4,19.4,0
0,0,0,0,37,1,2,0,2,2,2,2,2,0,0,1,1,78.9,2976.95,2919.3,0
1,0,0,0,45,1,0,2,1,1,1,1,1,1,1,0,0,18.85,867.3,848.2500000000001,0
1,0,1,0,9,1,0,1,0,2,2,2,2,0,0,1,3,94.85,890.6,853.65,1
1,0,0,0,15,1,0,1,0,0,2,2,2,2,0,1,2,101.35,1553.95,1520.25,0
0,0,0,0,1,1,2,1,0,0,0,0,2,2,0,1,2,94.6,94.6,94.6,1
0,1,1,1,22,1,2,1,0,0,0,0,2,0,0,0,0,85.35,1961.6,1877.6999999999998,0
1,0,0,0,2,1,0,1,0,0,0,0,0,2,0,1,2,80.95,171.15,161.9,1
1,1,0,0,60,1,2,0,2,2,0,0,0,2,1,1,2,71.75,4374.55,4305.0,0
0,0,0,0,26,1,0,1,0,0,0,0,0,0,0,1,1,69.05,1815.65,1795.3,0
0,0,0,1,15,1,0,2,1,1,1,1,1,1,1,0,3,19.65,270.6,294.75,0
0,0,0,0,35,1,2,1,0,0,0,2,0,0,0,0,1,80.05,2835.9,2801.75,1
0,1,0,0,42,1,2,1,0,2,2,0,2,2,0,1,0,104.75,4323.45,4399.5,1
1,0,1,0,43,1,0,0,0,0,0,0,2,0,1,1,3,56.35,2391.15,2423.05,0
0,0,1,0,11,1,2,1,0,2,0,0,2,2,0,1,2,102.0,1145.35,1122.0,1
1,0,0,0,37,1,2,0,2,2,2,2,2,2,1,1,0,90.6,3358.65,3352.2,0
0,0,1,0,65,1,2,1,0,2,2,2,2,2,2,1,0,107.65,7082.85,6997.25,0
1,0,0,0,1,1,0,0,0,0,0,0,0,0,0,0,3,46.3,46.3,46.3,1
0,0,0,0,16,1,2,0,0,0,2,0,0,2,0,1,1,65.2,1043.35,1043.2,0
0,0,1,1,72,1,0,0,2,2,2,0,0,2,2,0,1,68.75,4888.2,4950.0,0
0,0,0,0,1,0,1,0,0,0,0,0,0,0,0,1,3,24.9,24.9,24.9,1
1,0,0,0,4,0,1,0,2,2,0,2,0,0,0,0,3,42.4,146.4,169.6,0
0,0,1,0,72,1,2,0,2,2,0,2,0,0,2,0,0,64.75,4804.75,4662.0,0
1,0,0,0,30,1,2,1,2,2,2,0,0,0,1,0,0,90.4,2820.65,2712.0,0
0,0,0,0,5,1,0,1,0,2,0,0,2,0,0,1,3,85.3,420.45,426.5,1
1,0,0,1,53,1,0,1,2,2,2,0,0,2,1,0,2,95.95,5036.9,5085.35,0
0,1,0,0,1,0,1,0,0,0,0,0,0,0,0,0,2,25.25,25.25,25.25,1
0,0,0,0,3,1,0,0,2,2,0,0,0,0,0,0,2,55.35,165.2,166.05,0
1,0,0,0,3,1,0,1,0,0,2,2,2,0,0,1,3,89.85,244.45,269.54999999999995,1
1,1,0,0,67,1,2,1,0,0,2,0,2,2,0,1,1,101.4,6841.05,6793.8,0
1,0,1,1,23,1,0,0,2,0,0,2,0,0,1,0,1,57.2,1423.35,1315.6000000000001,0
1,0,1,1,72,1,0,0,0,2,2,0,2,2,2,1,0,75.4,5480.25,5428.8,0
0,0,0,0,26,0,1,0,0,0,2,2,2,0,0,1,1,44.45,1183.8,1155.7,0
0,1,0,0,71,1,2,0,2,2,2,2,2,2,2,0,3,89.85,6293.45,6379.349999999999,0
0,0,1,0,68,1,2,1,0,0,2,0,2,0,2,1,0,89.95,5974.3,6116.6,0
0,0,0,0,2,1,2,1,0,0,0,0,0,0,0,1,2,75.9,143.35,151.8,1
0,0,1,1,64,1,2,0,2,2,2,2,2,2,2,1,3,90.6,5817.45,5798.4,0
1,0,1,0,22,1,0,2,1,1,1,1,1,1,0,1,0,20.45,471.55,449.9,0
1,1,0,0,27,1,2,1,0,2,0,2,2,2,1,1,0,104.65,2964.0,2825.55,0
1,0,1,1,60,1,2,1,0,2,0,2,2,2,0,1,0,103.75,5969.95,6225.0,0
1,0,0,0,51,1,2,0,2,0,0,2,0,0,1,0,1,59.9,3043.6,3054.9,0
0,0,0,0,8,1,0,1,2,0,0,0,2,0,0,0,2,84.95,668.4,679.6,0
0,0,0,1,7,1,0,1,0,0,0,0,0,0,0,1,2,71.05,472.65,497.34999999999997,1
0,0,1,1,24,1,0,2,1,1,1,1,1,1,2,1,3,19.7,494.05,472.79999999999995,0
0,0,0,1,24,1,0,2,1,1,1,1,1,1,1,0,0,21.05,531.55,505.20000000000005,0
1,1,0,0,39,1,2,1,0,0,0,0,2,2,0,1,0,95.65,3759.05,3730.3500000000004,1
0,0,0,0,4,0,1,0,2,0,2,0,0,0,0,0,3,35.0,135.75,140.0,0
0,0,1,0,17,1,0,2,1,1,1,1,1,1,1,0,3,19.35,307.0,328.95000000000005,0
0,0,1,0,15,1,2,2,1,1,1,1,1,1,2,0,3,25.2,387.9,378.0,0
0,1,0,0,70,1,2,0,0,2,2,2,2,0,2,1,0,75.5,5212.65,5285.0,0
0,0,0,1,1,1,0,1,0,0,0,0,0,2,0,1,2,79.6,79.6,79.6,1
0,0,1,1,34,0,1,0,2,0,2,2,2,2,1,0,3,61.25,1993.2,2082.5,0
0,0,1,0,26,1,2,1,0,2,0,0,0,0,0,0,0,79.3,2015.8,2061.7999999999997,0
1,0,1,1,55,1,0,2,1,1,1,1,1,1,2,0,3,20.5,1177.95,1127.5,0
0,0,1,0,27,1,2,1,0,0,2,0,0,2,0,0,0,90.15,2423.4,2434.05,0
1,0,1,1,26,1,0,0,0,0,2,0,0,0,1,0,3,50.35,1285.8,1309.1000000000001,0
1,0,0,0,39,1,2,1,0,0,0,0,0,0,0,1,1,73.15,2730.85,2852.8500000000004,0
1,1,0,0,20,1,0,1,0,0,0,0,0,0,0,0,1,71.3,1389.2,1426.0,0
1,0,1,0,24,1,0,0,2,0,0,2,0,0,0,0,3,53.6,1315.35,1286.4,0
0,0,1,0,68,1,2,1,0,2,2,2,0,0,2,0,1,90.2,6297.65,6133.6,0
1,1,1,0,16,1,0,1,0,2,0,0,0,0,0,1,1,74.3,1178.25,1188.8,1
0,0,0,0,1,1,0,1,0,0,0,0,0,0,0,0,3,71.1,71.1,71.1,1
1,0,1,0,70,0,1,0,0,2,2,2,0,2,1,1,0,51.05,3635.15,3573.5,0
1,1,0,0,3,1,0,1,0,0,0,0,2,0,0,1,2,79.9,260.9,239.70000000000002,1
0,0,1,0,24,1,0,1,0,2,2,0,2,2,0,1,1,99.3,2431.35,2383.2,0
1,0,1,1,72,1,2,0,2,2,2,2,2,2,2,1,1,91.95,6614.9,6620.400000000001,0
1,0,0,0,1,1,0,2,1,1,1,1,1,1,0,1,3,19.75,19.75,19.75,1
0,0,0,0,31,0,1,0,2,2,0,2,0,2,2,1,0,49.85,1520.1,1545.3500000000001,0
0,0,1,0,1,0,1,0,0,0,0,0,0,0,0,1,2,24.8,24.8,24.8,1
1,0,1,0,50,1,2,1,0,0,0,2,2,2,1,0,2,99.4,5059.75,4970.0,0
0,0,0,0,61,1,2,0,0,2,2,2,2,2,2,0,1,88.65,5321.25,5407.650000000001,0
1,1,1,0,11,1,0,1,0,0,0,0,0,0,0,1,2,70.2,834.7,772.2,1
0,0,0,0,2,1,0,0,0,0,0,0,0,0,0,0,2,45.55,84.4,91.1,0
0,1,0,0,64,1,2,0,0,2,2,2,0,2,0,0,1,74.65,4869.35,4777.6,0
0,0,0,0,18,0,1,0,2,2,0,2,0,0,1,1,3,40.2,711.95,723.6,0
0,0,1,0,45,1,2,2,1,1,1,1,1,1,2,0,3,25.5,1121.05,1147.5,0
1,0,1,1,31,1,2,0,0,0,0,0,0,2,0,0,0,59.7,1825.5,1850.7,0
0,0,1,1,61,1,2,2,1,1,1,1,1,1,2,1,3,24.1,1551.6,1470.1000000000001,0
0,1,0,0,31,1,0,1,2,0,0,0,0,0,0,1,1,73.55,2094.65,2280.0499999999997,0
0,0,1,0,57,1,0,2,1,1,1,1,1,1,2,0,0,19.9,1115.6,1134.3,0
0,0,1,1,28,1,2,1,0,0,0,2,0,2,1,1,2,90.45,2509.25,2532.6,0
1,0,0,0,37,1,0,0,2,2,2,2,0,0,2,0,0,65.6,2313.8,2427.2,0
0,0,1,0,46,1,2,1,0,2,0,2,2,2,1,1,2,103.15,4594.65,4744.900000000001,0
0,0,0,0,19,1,0,2,1,1,1,1,1,1,0,0,3,19.9,367.55,378.09999999999997,0
0,0,0,0,63,1,0,2,1,1,1,1,1,1,2,1,3,20.6,1298.7,1297.8000000000002,0
1,0,0,1,69,1,2,0,2,2,2,2,2,0,2,1,1,79.45,5502.55,5482.05,0
0,0,1,1,19,1,2,1,0,0,0,2,0,2,1,1,0,89.35,1686.85,1697.6499999999999,0
0,0,1,0,31,1,0,1,0,2,0,0,0,2,0,1,0,83.85,2674.15,2599.35,1
0,1,0,0,18,1,0,2,1,1,1,1,1,1,1,0,0,20.35,369.6,366.3,0
0,0,0,0,44,1,2,0,0,0,0,0,0,0,0,1,3,50.15,2139.1,2206.6,0
1,1,1,0,1,1,0,1,0,0,0,0,0,0,0,1,2,70.3,70.3,70.3,1
1,0,0,0,1,1,0,1,0,0,0,0,2,2,0,1,2,89.9,89.9,89.9,1
0,0,0,0,11,0,1,0,0,0,0,0,2,0,0,1,3,35.8,363.15,393.79999999999995,0
0,0,0,0,22,1,0,2,1,1,1,1,1,1,1,0,0,20.85,450.65,458.70000000000005,0
1,0,1,0,23,1,2,1,0,2,2,0,0,0,0,0,2,84.25,1968.1,1937.75,0
0,0,0,0,37,1,0,1,0,2,2,0,0,0,1,0,2,80.05,3019.1,2961.85,0
1,0,1,0,46,0,1,0,2,0,2,2,0,0,2,0,1,40.4,1842.7,1858.3999999999999,0
0,0,0,0,20,1,0,2,1,1,1,1,1,1,1,1,1,19.35,433.75,387.0,0
0,0,0,0,1,1,0,0,0,0,0,2,0,0,0,1,2,50.8,50.8,50.8,0
0,0,1,1,58,1,2,0,2,0,2,2,2,0,2,0,3,75.8,4415.75,4396.4,0
0,0,1,1,71,1,2,1,2,2,2,2,0,0,1,1,1,95.15,6770.85,6755.650000000001,0
0,0,0,0,29,1,2,0,0,0,0,0,2,2,1,1,1,71.0,2080.1,2059.0,0
0,0,1,0,64,1,2,0,2,2,2,2,0,2,2,1,3,81.3,5129.3,5203.2,0
1,1,0,0,1,1,2,1,0,0,0,0,0,0,0,1,2,73.65,73.65,73.65,1
1,0,0,0,1,1,0,2,1,1,1,1,1,1,0,0,0,20.05,20.05,20.05,0
1,0,1,1,70,0,1,0,0,2,2,2,2,2,1,0,2,60.35,4138.7,4224.5,0
1,0,0,0,13,1,0,2,1,1,1,1,1,1,1,1,3,19.95,257.0,259.34999999999997,0
1,0,0,0,57,0,1,0,0,2,0,0,2,0,0,1,2,39.3,2111.45,2240.1,0
0,1,0,0,57,1,2,1,2,0,2,2,0,2,2,0,1,101.3,5779.6,5774.099999999999,0
0,0,1,1,6,1,0,2,1,1,1,1,1,1,2,0,3,20.1,100.35,120.60000000000001,0
1,1,1,0,63,0,1,0,2,0,0,2,0,0,1,0,0,36.1,2298.9,2274.3,0
0,0,0,0,8,1,0,2,1,1,1,1,1,1,0,0,3,19.2,156.85,153.6,0
1,0,1,1,23,1,2,0,0,0,0,0,0,0,1,1,1,48.35,1067.15,1112.05,0
0,0,0,0,40,1,0,0,0,0,2,0,0,0,1,1,3,50.25,2023.55,2010.0,0
0,0,1,1,59,1,2,2,1,1,1,1,1,1,2,0,3,25.45,1534.05,1501.55,0
0,0,0,0,18,1,0,2,1,1,1,1,1,1,1,0,3,20.1,407.05,361.8,0
1,0,0,0,17,1,0,1,0,2,2,0,0,2,0,1,1,90.95,1612.2,1546.15,0
1,1,0,0,46,1,0,1,2,0,0,0,0,2,0,0,2,85.0,3969.4,3910.0,0
0,0,1,1,16,1,0,2,1,1,1,1,1,1,0,0,2,20.4,321.4,326.4,0
1,0,0,0,22,1,2,1,0,0,0,0,0,2,0,0,2,83.05,1799.3,1827.1,0
0,0,1,0,62,1,0,0,2,0,2,2,2,2,2,0,3,81.0,4985.9,5022.0,0
1,0,1,0,56,0,1,0,0,0,2,2,2,2,1,1,0,54.05,2959.8,3026.7999999999997,0
0,1,1,0,5,1,2,1,0,2,0,0,0,0,0,1,2,81.0,371.65,405.0,1
0,0,1,0,72,1,2,0,2,2,0,2,2,2,2,1,0,86.4,6058.95,6220.8,0
0,0,0,0,9,1,0,0,0,0,0,0,0,0,0,0,2,45.15,416.45,406.34999999999997,0
1,0,1,0,66,1,2,1,2,2,2,2,2,2,1,0,0,115.8,7942.15,7642.8,0
1,0,1,0,28,1,2,1,0,2,2,0,2,0,0,0,1,96.6,2684.35,2704.7999999999997,0
0,0,1,1,56,1,0,1,0,0,0,0,2,2,1,0,0,88.9,4968.0,4978.400000000001,0
1,0,0,0,1,1,0,0,0,0,0,0,0,0,0,1,3,45.85,45.85,45.85,0
1,1,0,0,24,1,2,1,0,2,2,0,2,2,0,1,1,102.95,2496.7,2470.8,1
0,0,0,0,51,1,0,2,1,1,1,1,1,1,2,0,0,20.65,1020.75,1053.1499999999999,0
1,0,1,1,4,1,0,0,0,0,0,2,0,2,0,0,1,61.45,229.55,245.8,0
1,0,1,1,23,1,2,0,0,2,0,2,0,0,2,0,3,59.7,1414.2,1373.1000000000001,0
0,0,1,1,30,1,0,1,0,0,2,0,0,2,1,0,2,86.45,2538.05,2593.5,0
1,0,1,0,61,1,0,2,1,1,1,1,1,1,1,1,1,20.55,1252.0,1253.55,0
0,0,0,0,31,1,0,2,1,1,1,1,1,1,2,0,1,20.9,689.35,647.9,0
1,0,0,0,1,1,0,1,0,0,0,0,0,0,0,1,2,69.6,69.6,69.6,1
0,0,1,1,4,1,0,2,1,1,1,1,1,1,0,0,3,20.35,76.35,81.4,0
1,0,0,0,14,1,0,1,0,0,2,0,0,0,0,0,2,76.45,1117.55,1070.3,1
0,0,1,0,50,1,2,1,2,0,2,0,2,2,1,1,3,104.4,5232.9,5220.0,0
1,0,0,0,6,1,0,1,0,0,0,0,0,0,0,1,2,69.1,435.0,414.59999999999997,1
0,0,0,1,15,1,0,1,0,2,0,0,0,2,0,1,0,85.9,1269.55,1288.5,0
0,0,1,0,54,1,2,0,0,0,0,0,2,2,1,1,1,70.15,3715.65,3788.1000000000004,0
1,1,0,0,52,1,2,1,0,2,2,2,2,2,0,1,2,110.75,5832.0,5759.0,0
0,0,0,0,30,1,2,1,0,2,0,0,2,2,0,1,2,100.2,2983.8,3006.0,1
1,0,1,1,3,1,0,0,0,0,2,0,0,0,0,1,2,50.15,168.15,150.45,0
1,0,1,1,31,1,0,0,0,0,2,2,0,0,0,0,3,54.35,1647.0,1684.8500000000001,0
1,1,1,0,58,0,1,0,0,2,2,0,0,2,0,1,2,45.3,2651.2,2627.3999999999996,0
0,0,1,1,72,0,1,0,0,2,2,2,2,2,2,1,2,60.0,4264.0,4320.0,0
1,0,0,0,15,1,2,0,0,0,0,0,0,0,0,0,2,51.55,765.5,773.25,0
0,0,0,0,14,1,0,0,2,0,0,2,0,0,1,0,3,55.7,795.15,779.8000000000001,0
0,1,0,0,1,1,2,1,0,0,0,0,0,0,0,1,3,74.45,74.45,74.45,1
1,0,1,1,60,1,2,2,1,1,1,1,1,1,1,0,1,23.95,1506.4,1437.0,0
1,0,1,1,21,1,0,2,1,1,1,1,1,1,1,0,3,19.8,350.1,415.8,0
1,1,1,0,33,1,2,1,0,2,0,0,2,2,0,1,0,100.6,3270.25,3319.7999999999997,1
1,0,1,0,65,1,2,1,2,2,2,0,0,0,1,0,2,89.75,5769.6,5833.75,0
1,1,1,0,67,1,0,0,2,2,0,2,0,0,1,1,0,60.95,4119.4,4083.65,0
0,1,0,0,9,1,2,1,0,0,0,0,0,2,0,1,2,84.45,762.5,760.0500000000001,1
1,1,1,1,28,1,2,0,0,0,0,0,0,0,1,1,2,51.0,1381.8,1428.0,0
0,0,1,1,32,1,2,1,0,2,0,0,2,2,0,1,2,98.85,3089.6,3163.2,1
1,0,1,1,68,1,0,1,2,2,2,0,2,2,2,1,1,103.25,7074.4,7021.0,0
0,0,1,0,26,1,2,0,2,2,2,2,2,2,1,1,1,90.1,2312.55,2342.6,0
0,0,1,1,3,1,0,0,0,0,0,0,0,0,0,0,3,44.3,134.5,132.89999999999998,0
1,0,1,1,69,1,2,2,1,1,1,1,1,1,2,1,0,26.0,1796.55,1794.0,0
1,0,1,0,36,1,2,1,0,0,0,0,2,2,0,1,0,95.0,3440.25,3420.0,0
1,0,0,0,52,1,0,0,2,2,0,0,2,0,2,1,1,63.25,3342.45,3289.0,0
0,1,1,0,34,1,0,0,0,0,2,2,2,0,1,0,0,64.2,2106.3,2182.8,0
0,0,1,0,50,1,2,1,2,2,0,2,2,2,1,0,2,108.55,5610.7,5427.5,0
1,1,1,0,30,1,2,0,0,0,2,0,2,2,2,0,2,74.85,2181.75,2245.5,0
0,0,1,1,69,1,2,2,1,1,1,1,1,1,2,1,0,25.6,1673.4,1766.4,0
0,0,1,0,4,1,2,1,0,2,0,0,2,0,0,1,2,91.65,365.4,366.6,1
0,0,1,1,67,1,0,1,2,2,2,0,0,0,1,0,0,84.8,5598.3,5681.599999999999,0
0,0,0,0,14,1,0,1,0,0,0,0,0,0,0,1,1,71.0,914.0,994.0,0
0,0,1,0,53,1,0,2,1,1,1,1,1,1,1,0,0,20.8,1021.8,1102.4,0
1,1,1,0,72,1,2,1,0,2,2,2,2,2,2,1,0,109.75,7932.5,7902.0,0
1,0,0,0,46,1,0,2,1,1,1,1,1,1,2,0,2,19.95,907.05,917.6999999999999,0
0,0,1,1,71,1,0,2,1,1,1,1,1,1,2,0,0,19.85,1326.35,1409.3500000000001,0
1,0,0,0,22,1,2,1,0,2,0,0,0,0,0,1,3,78.85,1600.25,1734.6999999999998,0
0,0,1,0,17,1,2,1,2,0,0,0,0,0,0,0,2,78.9,1348.95,1341.3000000000002,0
1,1,0,0,32,1,2,1,0,0,0,0,2,2,0,1,1,96.15,3019.25,3076.8,1
0,0,0,0,9,1,0,1,0,0,0,0,0,0,0,0,2,69.05,651.5,621.4499999999999,0
0,0,0,0,23,1,2,2,1,1,1,1,1,1,1,0,1,24.8,615.35,570.4,0
1,0,1,0,47,1,0,0,0,2,2,0,2,2,2,0,2,73.6,3522.65,3459.2,0
0,0,1,1,60,1,0,0,0,2,2,2,2,2,2,1,0,80.6,4946.7,4836.0,0
1,0,1,1,50,0,1,0,2,0,0,0,2,0,0,1,1,39.45,2021.35,1972.5000000000002,0
0,1,1,0,66,1,2,1,0,0,2,2,2,2,1,1,1,105.95,6975.25,6992.7,0
1,1,1,0,54,1,2,1,0,2,2,2,2,2,2,1,2,110.45,6077.75,5964.3,0
1,0,1,1,72,1,2,2,1,1,1,1,1,1,2,0,1,24.1,1734.65,1735.2,0
0,0,0,1,1,1,0,1,0,0,0,0,2,0,0,1,2,79.35,79.35,79.35,1
0,0,0,0,1,1,0,0,0,0,0,0,0,0,0,0,0,44.15,44.15,44.15,0
0,0,1,1,16,1,0,0,2,2,0,2,0,2,2,0,0,68.25,1114.85,1092.0,0
0,0,0,0,34,1,2,0,0,0,0,2,2,0,0,0,3,65.0,2157.5,2210.0,0
0,0,0,0,3,1,0,1,0,2,0,0,2,0,0,0,2,83.75,247.25,251.25,0
0,0,0,0,12,1,2,1,2,0,0,0,0,0,0,1,2,78.95,927.35,947.4000000000001,0
0,1,1,0,5,1,2,1,0,0,0,0,0,0,0,1,2,74.35,334.8,371.75,1
1,0,0,0,1,1,0,0,0,2,0,0,0,0,0,0,3,50.65,50.65,50.65,1
1,1,1,0,59,0,1,0,0,2,0,0,2,2,0,1,2,50.25,2997.45,2964.75,1
1,0,0,0,26,1,2,1,0,0,0,2,0,0,0,1,2,80.5,2088.8,2093.0,0
0,0,1,0,1,1,0,2,1,1,1,1,1,1,0,1,0,20.3,20.3,20.3,1
1,0,1,1,71,1,0,1,2,2,2,0,2,2,1,1,0,104.65,7288.4,7430.150000000001,0
1,0,1,1,63,1,0,2,1,1,1,1,1,1,2,1,3,19.15,1177.05,1206.4499999999998,0
0,0,1,1,18,1,0,2,1,1,1,1,1,1,0,0,3,20.45,357.0,368.09999999999997,0
0,0,0,1,14,1,2,1,2,0,0,2,0,0,0,1,3,86.0,1164.05,1204.0,0
0,0,1,1,64,1,2,1,0,2,2,0,0,2,1,1,2,92.85,5980.75,5942.4,0
0,0,1,0,56,1,2,1,2,0,0,0,2,2,1,1,2,98.0,5270.6,5488.0,0
1,0,0,1,26,0,1,0,0,2,0,0,2,0,1,1,0,39.95,1023.75,1038.7,0
1,0,0,0,54,1,0,0,2,2,0,0,2,0,2,1,0,65.3,3512.9,3526.2,0
1,0,1,0,3,1,0,0,0,0,2,2,0,0,0,1,3,55.8,154.55,167.39999999999998,0
0,0,0,0,2,0,1,0,0,0,0,0,0,2,0,1,2,34.7,62.25,69.4,1
0,0,1,0,40,1,2,1,0,0,0,2,0,0,0,1,1,78.85,3126.85,3154.0,0
0,0,1,1,28,1,0,1,0,0,0,0,2,2,1,1,0,90.1,2598.95,2522.7999999999997,0
1,0,1,0,22,1,0,1,2,2,0,2,2,2,0,1,2,104.6,2180.55,2301.2,0
1,0,0,0,69,1,2,2,1,1,1,1,1,1,2,0,0,23.95,1713.1,1652.55,0
0,0,1,1,27,1,0,0,0,2,0,0,0,0,0,0,3,49.85,1336.15,1345.95,0
0,0,1,0,71,0,1,0,2,2,2,2,2,2,1,0,0,66.8,4689.15,4742.8,0
0,0,1,1,62,1,0,0,2,0,2,2,2,0,1,1,0,70.75,4263.45,4386.5,0
1,0,0,1,1,1,0,2,1,1,1,1,1,1,0,1,3,19.3,19.3,19.3,1
1,0,1,1,37,1,0,2,1,1,1,1,1,1,2,0,0,19.8,726.1,732.6,0
0,0,1,0,49,0,1,0,0,2,0,2,2,2,1,1,1,56.3,2780.6,2758.7,0
1,1,1,0,41,0,1,0,0,2,2,0,2,2,0,1,2,53.95,2215.4,2211.9500000000003,1
0,0,0,0,63,1,2,1,2,2,2,0,2,2,0,0,1,108.25,6780.1,6819.75,0
0,0,1,1,17,1,2,1,0,0,2,0,2,0,0,0,2,88.25,1460.65,1500.25,1
1,0,0,1,1,1,0,2,1,1,1,1,1,1,0,1,3,19.45,19.45,19.45,1
1,1,0,0,55,1,2,1,2,0,0,0,2,2,0,1,2,98.8,5617.75,5434.0,0
0,0,1,0,22,1,0,1,0,0,0,0,0,0,0,1,2,69.25,1554.0,1523.5,0
0,0,0,0,15,0,1,0,2,2,2,2,0,0,1,0,3,45.9,693.45,688.5,0
0,0,0,0,35,1,0,2,1,1,1,1,1,1,0,0,0,19.25,617.65,673.75,0
1,0,0,0,1,1,0,2,1,1,1,1,1,1,0,1,3,20.2,20.2,20.2,1
1,0,0,0,69,0,1,0,0,2,2,0,0,0,1,1,0,35.75,2492.25,2466.75,0
0,0,1,0,63,1,2,1,0,2,0,0,0,0,0,1,0,81.55,5029.05,5137.65,0
0,0,1,0,58,1,2,1,0,2,2,0,0,2,1,1,2,94.3,5610.15,5469.4,0
1,0,0,0,66,1,2,2,1,1,1,1,1,1,1,0,0,25.45,1699.15,1679.7,0
0,0,1,1,43,1,2,1,0,0,2,0,2,2,0,1,0,99.3,4209.95,4269.9,0
0,0,1,1,26,0,1,0,2,2,0,2,0,0,0,0,1,38.85,1025.15,1010.1,0
1,0,1,1,56,1,2,1,0,0,2,2,2,2,2,1,2,103.2,5873.75,5779.2,0
1,1,0,0,68,1,2,1,0,2,2,0,0,2,0,1,2,95.9,6503.2,6521.200000000001,0
0,0,1,1,18,1,0,0,0,0,0,0,2,0,0,0,3,55.95,1082.8,1007.1,0
0,0,1,0,34,1,2,0,2,2,0,2,0,0,0,0,2,62.65,2274.9,2130.1,0
1,1,1,0,38,0,1,0,0,0,0,0,0,0,0,1,2,24.85,955.75,944.3000000000001,0
1,0,1,1,2,1,0,0,2,2,0,2,0,0,2,0,3,59.5,130.5,119.0,0
1,0,1,1,20,0,1,0,2,0,2,2,0,0,2,1,1,39.4,825.4,788.0,0
1,0,1,0,64,1,2,0,0,2,0,2,0,2,1,1,3,70.15,4480.7,4489.6,0
1,1,0,1,56,1,0,1,2,0,0,0,2,2,1,0,1,94.8,5264.3,5308.8,0
0,0,0,0,68,1,0,2,1,1,1,1,1,1,2,0,1,20.5,1424.9,1394.0,0
1,0,1,0,17,1,2,1,0,2,2,0,2,2,0,1,2,102.55,1742.5,1743.35,1
1,0,1,1,46,1,0,2,1,1,1,1,1,1,2,0,1,19.95,862.4,917.6999999999999,0
0,1,0,0,28,1,2,1,0,2,2,0,2,2,0,1,2,106.15,3152.5,2972.2000000000003,1
1,0,1,1,2,1,2,0,2,0,0,0,0,0,0,0,3,56.7,113.55,113.4,0
1,0,0,0,65,1,2,1,0,2,2,2,2,2,0,1,2,109.15,6941.2,7094.75,0
1,0,1,1,17,1,0,1,2,0,2,0,2,0,0,1,2,89.4,1539.45,1519.8000000000002,0
1,1,0,0,51,1,0,1,0,0,2,0,2,2,1,1,0,94.0,4905.75,4794.0,0
1,0,0,0,60,1,2,1,0,2,0,0,2,0,0,1,0,89.9,5450.7,5394.0,0
1,0,1,0,16,1,2,1,0,0,0,0,0,0,0,1,0,73.85,1284.2,1181.6,0
1,1,1,0,24,1,2,1,2,0,0,0,0,0,0,1,2,78.85,1772.25,1892.3999999999999,0
1,0,0,0,1,1,0,0,0,0,0,0,0,2,0,1,3,55.7,55.7,55.7,1
0,0,0,0,71,1,0,0,2,2,2,2,2,0,2,0,1,77.35,5550.1,5491.849999999999,0
0,0,1,1,53,1,2,1,2,2,2,2,0,2,2,1,0,104.05,5566.4,5514.65,0
0,0,0,0,18,1,2,0,2,0,2,0,0,0,0,1,3,60.6,1156.35,1090.8,0
0,0,0,1,67,1,2,1,0,2,0,2,2,2,1,1,0,106.6,7244.7,7142.2,0
0,1,0,0,4,1,2,1,0,0,0,0,2,2,0,1,2,94.3,424.45,377.2,1
1,0,0,0,10,0,1,0,0,0,2,0,0,0,0,0,3,29.5,255.25,295.0,0
1,0,1,1,43,1,2,2,1,1,1,1,1,1,2,0,3,24.25,1077.95,1042.75,0
0,0,1,0,43,1,2,1,0,2,0,0,0,0,0,0,2,80.45,3398.9,3459.35,0
0,0,0,0,60,0,1,0,2,0,2,0,2,2,2,0,2,53.6,3237.05,3216.0,0
1,0,0,0,1,1,0,1,0,0,0,2,0,0,0,1,2,75.9,75.9,75.9,0
1,0,0,0,7,1,2,1,0,0,2,0,2,0,0,1,2,90.45,593.45,633.15,1
0,0,0,0,21,1,0,1,0,2,2,0,0,2,0,1,2,90.05,1862.9,1891.05,0
1,1,0,1,1,1,0,0,0,0,2,0,0,0,0,1,3,50.15,50.15,50.15,0
1,0,0,0,5,1,0,1,0,2,0,0,0,0,0,1,2,74.65,383.65,373.25,1
0,0,1,1,36,1,2,0,2,2,2,2,2,2,2,1,1,92.9,3379.25,3344.4,0
1,1,1,0,53,1,2,0,2,0,0,2,0,0,1,1,2,60.05,3229.65,3182.6499999999996,0
0,1,1,0,1,1,2,1,0,0,0,0,0,0,0,1,2,74.45,74.45,74.45,1
0,0,0,0,53,1,0,1,0,2,2,2,0,2,1,1,1,94.45,5042.75,5005.85,0
0,0,1,0,50,1,2,0,0,0,2,0,2,2,1,0,0,75.7,3876.2,3785.0,0
1,0,1,0,66,1,2,1,0,2,0,2,2,2,1,1,2,104.05,6890.0,6867.3,0
0,0,1,1,54,1,2,0,0,2,2,0,0,0,2,1,0,59.8,3246.45,3229.2,0
0,0,1,1,28,1,0,2,1,1,1,1,1,1,0,1,0,19.55,543.8,547.4,0
0,0,0,0,4,1,0,0,0,0,0,0,0,0,0,1,3,45.3,196.95,181.2,0
0,0,0,0,41,1,2,1,2,2,2,2,2,2,0,1,0,114.5,4527.45,4694.5,0
0,0,1,1,30,1,0,0,2,0,0,2,0,2,0,0,0,66.3,1923.5,1989.0,0
0,1,0,0,1,0,1,0,0,0,0,0,0,0,0,1,2,25.2,25.2,25.2,1
1,0,1,0,54,1,2,1,2,2,2,0,2,2,0,0,2,109.55,6118.95,5915.7,0
1,0,1,1,8,1,0,2,1,1,1,1,1,1,2,0,1,19.6,125.0,156.8,0
1,1,1,0,55,1,2,1,0,2,2,2,2,2,2,1,2,113.6,6292.7,6248.0,0
0,0,0,1,63,1,0,2,1,1,1,1,1,1,2,0,1,19.5,1215.1,1228.5,0
1,0,0,0,68,1,0,1,0,2,2,0,0,0,1,0,1,79.6,5461.45,5412.799999999999,0
0,0,1,1,2,1,0,1,0,0,0,0,0,0,0,1,2,71.65,135.75,143.3,1
1,0,0,0,6,1,0,2,1,1,1,1,1,1,1,0,3,20.6,116.6,123.60000000000001,0
0,0,0,0,13,1,2,1,0,0,0,0,0,0,0,1,3,75.0,999.45,975.0,0
1,0,0,0,72,1,0,0,2,2,2,2,2,0,2,1,0,75.1,5336.35,5407.2,0
1,0,1,0,17,1,0,1,0,0,2,0,2,2,1,1,0,96.65,1588.25,1643.0500000000002,0
1,1,0,0,15,1,0,1,0,2,0,0,0,0,0,1,2,74.4,1074.3,1116.0,1
0,1,0,0,65,1,2,1,0,2,2,0,2,0,0,1,0,95.45,6223.3,6204.25,0
1,0,0,0,58,1,0,2,1,1,1,1,1,1,2,0,1,20.3,1131.5,1177.4,0
1,1,1,1,68,1,2,1,0,2,2,0,0,0,0,1,2,84.65,5683.6,5756.200000000001,0
0,0,1,1,66,1,0,0,2,2,0,2,0,0,2,1,1,58.2,3810.8,3841.2000000000003,0
0,1,1,0,70,1,2,1,2,0,0,0,0,2,0,1,2,90.85,6470.1,6359.5,0
0,0,0,0,19,0,1,0,0,2,0,0,0,2,0,1,2,39.7,710.05,754.3000000000001,0
1,0,1,0,17,0,1,0,0,0,2,2,2,2,1,0,2,54.6,934.8,928.2,0
1,0,0,0,22,1,2,1,2,0,0,0,2,2,0,1,2,100.75,2095.0,2216.5,1
1,1,0,0,48,1,2,1,0,2,0,0,2,2,1,1,2,99.0,4744.35,4752.0,0
1,0,0,0,63,1,2,1,0,2,0,0,0,2,1,0,1,90.45,5825.5,5698.35,0
1,0,1,0,67,1,2,1,0,2,2,0,0,2,2,1,2,93.15,6368.2,6241.05,0
0,1,1,0,67,1,2,1,2,0,2,0,2,2,1,1,1,107.05,7142.5,7172.349999999999,0
0,0,1,0,67,1,2,2,1,1,1,1,1,1,2,1,1,25.25,1733.15,1691.75,0
0,0,0,0,4,1,2,1,0,0,0,2,2,2,0,1,3,100.85,399.25,403.4,1
1,0,1,0,40,1,2,0,0,2,0,2,2,0,1,0,1,70.75,2921.75,2830.0,0
1,0,0,0,5,1,2,1,0,2,2,0,2,2,0,0,3,104.1,541.9,520.5,0
1,0,0,0,30,1,2,1,0,0,0,2,0,2,0,1,1,89.9,2723.15,2697.0,0
0,0,0,0,70,1,2,1,2,2,2,2,2,2,1,0,1,115.55,8127.6,8088.5,0
0,0,1,1,72,1,2,2,1,1,1,1,1,1,2,0,3,24.9,1859.2,1792.8,0
0,0,0,0,1,1,0,0,0,2,0,0,0,0,0,1,2,48.6,48.6,48.6,0
1,0,0,0,1,1,0,1,0,0,0,0,2,2,0,1,2,88.35,88.35,88.35,1
0,1,0,0,59,1,2,1,0,2,0,0,0,0,2,1,1,79.2,4590.35,4672.8,0
0,0,1,1,68,1,2,1,0,0,0,0,2,0,1,1,2,83.0,5685.8,5644.0,0
0,0,1,0,53,1,0,1,2,2,2,0,2,2,1,1,0,106.1,5769.75,5623.299999999999,0
0,1,0,0,8,1,0,1,0,0,2,0,0,0,0,1,0,74.05,600.15,592.4,0
0,0,0,0,7,1,0,0,2,2,0,2,2,2,0,1,2,78.5,571.05,549.5,0
0,0,0,0,2,1,0,2,1,1,1,1,1,1,0,0,3,19.4,61.05,38.8,0
1,0,1,0,47,1,0,2,1,1,1,1,1,1,1,0,0,19.9,942.95,935.3,0
0,0,1,0,2,1,0,1,2,2,0,0,2,0,0,0,2,90.35,190.5,180.7,0
0,0,1,1,51,1,2,1,0,0,0,2,0,0,0,1,2,80.75,4116.9,4118.25,0
1,0,0,0,18,1,0,0,2,0,2,2,2,0,0,1,2,68.35,1299.8,1230.3,0
1,0,0,0,33,1,0,2,1,1,1,1,1,1,2,0,3,20.35,689.75,671.5500000000001,0
0,0,0,0,60,1,2,2,1,1,1,1,1,1,2,0,3,25.0,1505.05,1500.0,0
0,0,0,0,72,1,2,1,2,2,2,2,2,2,2,1,2,114.9,8496.7,8272.800000000001,0
0,0,0,0,1,1,0,0,2,0,0,0,0,0,0,1,0,48.45,48.45,48.45,1
1,0,1,1,48,1,2,2,1,1,1,1,1,1,2,0,0,26.3,1245.05,1262.4,0
1,0,1,1,7,0,1,0,2,0,0,2,0,0,0,1,2,34.5,279.25,241.5,0
1,0,0,0,53,1,2,2,1,1,1,1,1,1,2,0,3,24.6,1279.0,1303.8000000000002,0
1,1,1,0,46,0,1,0,0,2,2,2,2,2,1,1,0,59.9,2816.65,2755.4,0
0,0,0,0,11,1,0,0,2,0,0,2,0,0,1,1,3,54.6,617.85,600.6,0
1,1,1,0,2,1,0,1,0,0,2,0,2,2,0,1,1,95.5,181.65,191.0,1
0,0,1,0,58,1,2,1,2,2,2,0,2,2,1,1,1,110.65,6526.65,6417.700000000001,0
0,0,0,0,2,1,0,2,1,1,1,1,1,1,0,0,3,19.95,38.15,39.9,0
1,0,1,1,70,0,1,0,2,0,2,2,2,2,2,0,0,59.5,4144.8,4165.0,0
0,0,1,1,7,1,0,0,2,2,2,0,2,0,1,0,2,69.45,477.05,486.15000000000003,0
1,0,1,0,72,1,2,1,2,2,2,2,2,2,2,1,1,114.1,8086.4,8215.199999999999,0
1,0,1,0,56,1,0,1,0,0,0,0,2,2,0,0,3,89.7,4952.95,5023.2,0
0,0,1,0,72,1,2,1,2,2,2,2,0,0,2,1,0,94.25,6849.75,6786.0,0
0,0,0,0,42,1,2,0,0,0,2,2,2,2,2,1,1,78.45,3373.4,3294.9,0
0,1,0,0,43,1,0,1,2,2,0,2,2,2,0,1,1,108.15,4600.7,4650.45,0
1,0,0,0,18,1,0,2,1,1,1,1,1,1,0,0,3,20.05,358.5,360.90000000000003,0
1,0,0,0,30,1,0,1,2,2,2,0,0,0,0,1,1,84.3,2438.6,2529.0,0
1,0,1,1,25,1,2,0,0,0,0,2,0,0,1,1,3,55.1,1466.1,1377.5,0
1,0,0,0,9,1,0,1,0,0,0,2,2,2,0,1,0,95.9,827.45,863.1,0
1,0,0,1,71,1,2,1,2,0,2,0,2,2,2,0,0,106.7,7382.25,7575.7,0
1,0,1,1,71,1,2,0,2,2,0,2,0,0,1,1,1,66.85,4748.7,4746.349999999999,0
0,0,1,0,71,1,0,0,2,2,2,2,2,2,1,1,0,84.8,6046.1,6020.8,0
0,0,1,1,58,1,2,0,0,2,0,0,2,0,0,1,0,66.8,3970.4,3874.3999999999996,0
0,0,0,1,61,1,2,2,1,1,1,1,1,1,2,1,1,25.0,1498.35,1525.0,0
0,0,0,0,22,1,2,1,0,0,0,0,2,0,0,1,0,84.15,1821.95,1851.3000000000002,0
1,0,1,1,20,1,0,0,0,0,2,0,0,0,0,1,2,49.6,939.8,992.0,0
1,0,0,0,26,1,0,2,1,1,1,1,1,1,1,1,1,20.65,595.5,536.9,0
1,0,1,1,30,1,2,1,0,2,0,2,0,0,0,1,0,83.55,2570.2,2506.5,0
1,0,1,1,2,1,0,1,0,0,0,0,2,2,0,1,0,89.55,185.55,179.1,1
0,1,1,0,55,1,2,0,0,0,0,0,0,0,0,0,0,51.65,2838.55,2840.75,0
1,0,1,0,69,0,1,0,2,0,2,2,2,2,2,0,0,60.25,4055.5,4157.25,0
0,1,1,0,1,1,0,1,0,0,0,0,0,0,0,1,2,69.55,69.55,69.55,1
0,0,1,1,52,1,2,2,1,1,1,1,1,1,2,1,0,25.05,1270.25,1302.6000000000001,0
0,0,0,0,3,1,0,1,0,2,0,2,2,2,0,1,2,97.9,315.3,293.70000000000005,1
1,0,1,1,43,1,0,2,1,1,1,1,1,1,1,1,3,19.2,776.25,825.6,0
1,1,1,0,17,1,2,1,0,0,2,0,2,2,0,1,1,100.45,1622.45,1707.65,1
1,0,0,0,26,1,0,0,0,0,0,2,2,0,1,0,1,59.45,1507.0,1545.7,0
0,0,1,0,9,1,0,1,0,0,0,0,2,2,0,0,2,89.45,853.1,805.0500000000001,1
0,0,0,0,45,1,2,1,0,0,2,0,0,2,0,1,1,89.3,4192.15,4018.5,0
0,1,0,0,45,1,2,1,0,0,2,0,2,2,1,1,0,102.15,4735.35,4596.75,0
0,0,0,0,33,1,2,0,2,0,0,2,0,0,1,0,2,59.4,1952.8,1960.2,0
0,0,1,0,53,1,2,1,0,2,2,2,2,2,1,1,0,108.95,5718.2,5774.35,0
0,1,1,1,65,1,2,1,0,0,2,2,2,2,1,1,0,103.9,6767.1,6753.5,0
1,0,0,0,43,1,2,1,0,0,0,2,2,2,1,1,2,100.0,4211.55,4300.0,0
0,0,1,0,10,1,0,0,0,0,2,0,2,2,0,1,1,67.8,653.15,678.0,0
1,0,1,1,52,1,0,2,1,1,1,1,1,1,1,1,1,20.85,1071.6,1084.2,0
1,0,0,0,11,1,2,0,0,0,2,0,0,0,0,0,2,53.75,608.0,591.25,0
0,1,0,0,27,1,2,1,0,0,0,0,0,2,0,1,2,85.25,2287.25,2301.75,1
1,0,0,0,24,1,0,1,0,0,0,0,2,2,0,1,2,90.35,2238.5,2168.3999999999996,0
1,0,0,0,1,1,0,1,0,0,0,0,0,2,0,1,2,79.25,79.25,79.25,1
0,0,0,0,65,1,2,1,2,2,2,0,2,2,0,1,1,111.05,7107.0,7218.25,0
0,0,0,0,1,1,0,1,0,0,2,0,0,0,0,0,2,75.55,75.55,75.55,1
0,0,1,0,68,1,2,1,2,2,2,2,2,2,2,0,3,118.6,7990.05,8064.799999999999,0
1,1,1,0,15,1,2,1,2,0,2,0,2,0,0,1,2,96.5,1392.25,1447.5,1
1,0,0,0,36,1,0,0,0,2,0,2,0,2,1,1,3,65.4,2498.4,2354.4,0
1,0,0,0,4,1,0,0,0,0,0,0,0,0,0,0,3,44.55,220.75,178.2,0
0,0,0,0,46,1,2,1,0,2,2,0,0,2,1,1,2,94.15,4408.45,4330.900000000001,0
1,0,1,0,18,1,0,0,0,0,2,0,0,0,0,1,3,49.55,878.35,891.9,0
1,1,1,1,35,1,0,0,0,2,0,2,2,2,0,1,2,76.05,2747.2,2661.75,0
0,0,1,1,47,1,0,2,1,1,1,1,1,1,2,0,0,19.3,890.5,907.1,0
0,0,1,1,42,1,0,1,0,0,2,0,2,2,0,1,2,92.15,3875.4,3870.3,0
0,0,0,0,1,1,0,2,1,1,1,1,1,1,0,0,3,19.75,19.75,19.75,0
0,0,0,0,61,1,2,0,2,0,2,2,2,2,2,0,1,86.45,5175.3,5273.45,0
0,0,0,0,72,1,0,0,2,2,2,2,0,2,2,1,1,73.0,5265.2,5256.0,0
0,0,1,0,15,1,0,2,1,1,1,1,1,1,0,0,1,20.45,330.8,306.75,0
1,0,0,0,4,1,0,0,0,0,2,2,2,2,0,1,2,74.4,299.7,297.6,1
0,0,0,0,11,1,0,2,1,1,1,1,1,1,1,0,3,20.0,211.95,220.0,0
0,0,0,0,18,1,0,1,0,0,0,0,0,0,0,1,2,71.1,1247.75,1279.8,0
0,0,1,0,62,1,2,1,0,0,2,0,2,2,0,1,2,101.35,6164.7,6283.7,0
0,0,1,0,2,1,0,1,0,0,0,0,0,0,0,1,1,70.4,154.8,140.8,1
0,1,1,0,25,1,0,1,0,2,2,0,0,2,0,0,0,88.4,2191.15,2210.0,0
1,0,0,0,15,1,2,1,2,0,0,0,2,2,0,1,2,99.7,1566.75,1495.5,1
1,0,0,0,72,1,2,0,0,2,2,2,2,2,2,1,0,88.6,6201.95,6379.2,0
1,0,0,0,21,1,0,0,2,0,2,0,2,0,0,0,0,65.35,1424.4,1372.35,0
0,0,1,0,69,1,2,2,1,1,1,1,1,1,2,0,0,24.25,1641.8,1673.25,0
0,0,1,0,48,1,0,1,0,0,2,2,2,2,0,1,1,100.05,4834.0,4802.4,0
1,0,1,1,32,0,1,0,0,0,2,0,2,2,0,0,1,50.6,1653.45,1619.2,0
1,0,1,1,7,1,0,0,2,0,0,0,2,2,0,0,1,69.7,516.15,487.90000000000003,0
0,0,1,0,57,1,2,0,0,2,2,2,2,0,1,0,0,74.6,4368.95,4252.2,0
0,0,0,1,18,1,0,2,1,1,1,1,1,1,1,0,0,20.15,390.85,362.7,0
1,0,0,0,10,0,1,0,0,2,0,2,0,0,0,0,2,35.75,389.8,357.5,0
0,0,0,0,2,1,2,1,0,0,2,0,0,0,0,0,3,80.6,155.8,161.2,1
1,0,0,0,1,1,0,1,0,0,0,2,0,0,0,1,3,74.3,74.3,74.3,0
0,1,0,0,52,1,2,0,2,0,2,0,0,0,2,0,0,59.85,3103.25,3112.2000000000003,0
0,0,0,0,11,1,2,1,0,0,0,2,2,0,0,0,2,90.15,987.95,991.6500000000001,1
0,0,1,0,58,1,2,0,0,2,0,2,0,0,2,1,1,59.9,3505.1,3474.2,0
0,1,1,0,32,1,2,1,0,0,0,0,2,2,0,1,2,93.2,2931.0,2982.4,1
0,0,1,1,3,1,2,0,0,2,2,0,2,0,0,1,0,69.15,235.0,207.45000000000002,1
1,0,1,0,66,1,2,1,0,2,2,0,2,2,0,1,1,105.0,7133.25,6930.0,0
1,0,0,0,12,1,2,1,0,0,0,0,2,2,0,1,2,96.05,1148.1,1152.6,1
1,0,0,0,19,0,1,0,0,0,2,0,2,0,0,1,2,39.65,733.35,753.35,1
1,0,1,1,69,1,2,1,0,2,2,0,2,0,1,0,1,95.75,6511.25,6606.75,0
1,0,0,0,10,1,0,2,1,1,1,1,1,1,0,0,1,20.0,198.7,200.0,0
0,1,1,1,32,1,2,1,0,2,0,0,2,2,0,1,2,100.4,3217.65,3212.8,1
1,0,0,0,10,1,0,0,0,0,0,0,0,0,0,1,2,45.55,402.6,455.5,0
1,0,1,0,64,1,2,0,0,2,2,2,2,0,2,1,0,76.1,4818.8,4870.4,0
1,0,1,1,4,0,1,0,2,0,0,0,2,0,0,0,1,38.55,156.1,154.2,0
1,0,1,1,36,1,0,2,1,1,1,1,1,1,2,0,1,19.45,754.5,700.1999999999999,0
1,0,1,1,8,1,0,0,0,0,2,0,0,0,0,1,2,51.05,415.05,408.4,0
1,0,0,0,32,1,0,1,0,0,0,0,2,2,0,0,2,91.05,2871.5,2913.6,0
0,0,1,1,2,0,1,0,0,0,0,0,0,0,0,1,3,24.4,36.55,48.8,0
0,0,1,1,18,1,2,2,1,1,1,1,1,1,2,1,1,24.65,471.35,443.7,0
0,0,1,1,52,1,0,2,1,1,1,1,1,1,2,0,0,20.1,1078.75,1045.2,0
0,0,1,0,24,1,2,0,2,2,2,0,0,0,0,0,3,66.3,1559.45,1591.1999999999998,0
1,0,0,0,1,1,0,0,0,0,0,0,0,2,0,1,2,55.25,55.25,55.25,1
1,0,0,0,7,1,0,2,1,1,1,1,1,1,0,1,3,19.4,168.65,135.79999999999998,0
0,1,0,0,8,1,2,1,0,0,0,2,2,2,0,1,1,100.15,908.55,801.2,1
0,0,1,1,14,1,0,1,0,0,0,0,0,0,0,0,2,70.2,1046.5,982.8000000000001,0
1,0,0,0,13,1,0,2,1,1,1,1,1,1,1,0,1,19.3,259.65,250.9,0
1,0,1,1,40,1,2,1,2,2,0,2,2,2,0,1,1,110.1,4469.1,4404.0,0
0,0,1,0,63,1,0,1,2,0,2,0,0,0,1,1,1,81.15,5224.5,5112.450000000001,0
1,0,1,0,17,1,2,1,0,2,0,0,0,0,0,1,0,80.5,1336.9,1368.5,0
0,0,1,0,19,1,2,1,0,0,0,0,2,0,0,1,2,86.85,1564.4,1650.1499999999999,1
0,0,0,0,12,1,0,0,0,0,0,0,0,0,0,1,2,45.05,523.1,540.5999999999999,0
0,0,1,1,43,1,2,2,1,1,1,1,1,1,1,1,0,24.45,993.15,1051.35,0
0,0,0,0,18,1,2,1,0,2,0,0,2,0,0,1,1,90.0,1527.35,1620.0,0
1,0,0,0,35,1,2,2,1,1,1,1,1,1,0,1,2,25.6,901.25,896.0,0
0,0,1,1,42,1,2,1,0,0,0,0,2,2,0,1,2,94.2,4186.3,3956.4,0
0,0,0,0,61,1,2,0,2,2,2,2,2,2,2,0,2,89.65,5308.7,5468.650000000001,0
0,0,0,0,39,1,0,1,2,0,2,2,2,0,1,1,2,95.55,3692.85,3726.45,0
1,0,0,0,21,1,2,1,0,2,0,0,0,0,0,1,2,82.35,1852.85,1729.35,1
1,0,0,1,1,1,0,2,1,1,1,1,1,1,0,0,3,20.75,20.75,20.75,0
0,0,1,1,58,0,1,0,2,0,2,2,2,2,2,0,3,59.75,3624.35,3465.5,0
1,0,0,1,1,1,0,2,1,1,1,1,1,1,0,1,3,20.25,20.25,20.25,1
1,0,0,0,53,1,0,2,1,1,1,1,1,1,2,0,1,19.5,1050.5,1033.5,0
0,0,0,0,25,1,2,2,1,1,1,1,1,1,2,0,1,24.75,692.1,618.75,0
0,0,1,0,64,1,2,0,0,0,2,2,0,0,1,0,0,58.35,3756.45,3734.4,0
0,0,0,0,1,1,2,0,0,0,0,0,0,2,0,1,2,60.15,60.15,60.15,1
1,1,0,0,4,1,0,1,0,0,0,0,0,0,0,0,2,69.35,261.65,277.4,0
0,0,1,1,5,0,1,0,0,2,0,0,0,0,0,1,2,30.5,167.2,152.5,0
0,0,1,0,44,1,2,1,2,2,2,2,0,0,0,1,1,95.1,4060.55,4184.4,0
1,0,0,0,31,1,2,1,0,2,2,0,2,2,1,1,2,103.45,3066.45,3206.9500000000003,0
0,0,0,0,2,1,0,1,0,2,0,0,2,0,0,1,0,87.15,183.75,174.3,1
1,0,1,1,71,1,2,1,2,2,2,2,2,2,2,1,0,116.05,8297.5,8239.55,0
0,0,1,1,72,1,0,0,2,2,2,2,2,2,2,0,0,85.3,6129.2,6141.599999999999,0
0,0,1,1,56,1,2,0,2,2,0,0,0,2,1,0,0,68.75,3815.4,3850.0,0
1,0,1,0,24,1,0,2,1,1,1,1,1,1,1,0,3,20.1,533.9,482.40000000000003,0
0,0,0,0,22,1,0,0,2,0,0,0,0,0,0,1,2,49.8,1049.05,1095.6,1
1,0,1,0,33,1,2,0,2,2,2,0,2,0,0,1,0,72.75,2447.45,2400.75,0
1,0,0,0,54,1,2,0,2,0,2,2,2,2,2,0,0,87.1,4735.2,4703.4,0
1,0,1,1,26,1,0,2,1,1,1,1,1,1,1,1,0,20.05,505.9,521.3000000000001,0
1,0,0,0,18,1,2,0,2,0,2,0,2,0,0,0,3,69.5,1199.4,1251.0,0
0,1,0,0,1,0,1,0,0,0,0,0,2,0,0,1,2,36.45,36.45,36.45,1
0,0,0,0,16,1,2,1,0,0,0,0,0,0,0,0,2,72.65,1194.3,1162.4,0
1,0,0,0,1,1,0,0,2,0,0,0,0,0,0,0,2,49.75,49.75,49.75,0
1,0,0,1,27,1,0,2,1,1,1,1,1,1,2,0,1,19.7,509.3,531.9,0
0,0,1,0,16,1,2,1,0,2,0,0,2,2,0,1,2,100.0,1534.75,1600.0,1
1,0,0,0,35,1,2,0,2,0,0,0,0,0,2,0,3,55.25,1924.1,1933.75,0
0,0,1,1,36,1,2,1,0,2,2,0,2,0,0,1,0,97.35,3457.9,3504.6,0
1,1,1,0,37,1,2,1,0,0,0,0,2,2,0,1,2,92.5,3473.4,3422.5,1
1,1,1,0,50,1,2,1,2,2,2,0,2,0,1,1,0,101.9,5265.5,5095.0,0
1,0,0,1,29,0,1,0,2,2,2,2,0,0,0,1,3,45.0,1242.45,1305.0,0
0,1,0,0,1,1,0,1,0,0,0,0,0,0,0,1,2,69.25,69.25,69.25,1
0,1,0,0,56,1,2,0,2,0,2,2,0,2,2,0,0,73.25,4054.2,4102.0,0
0,1,0,0,5,1,2,1,0,0,0,0,2,0,0,1,1,83.15,446.05,415.75,1
0,0,1,1,20,1,2,0,2,0,0,0,2,2,1,0,0,76.0,1588.75,1520.0,0
0,0,1,0,33,1,0,2,1,1,1,1,1,1,0,0,3,20.05,669.45,661.65,0
1,0,0,0,54,0,1,0,2,2,0,0,0,2,2,0,0,46.2,2431.95,2494.8,0
1,0,1,0,62,1,0,0,0,2,2,2,0,0,2,1,1,60.15,3753.2,3729.2999999999997,0
1,0,0,0,67,1,0,2,1,1,1,1,1,1,2,1,3,19.8,1311.3,1326.6000000000001,0
1,1,1,0,72,0,1,0,2,2,2,2,2,2,2,1,1,64.45,4641.1,4640.400000000001,0
1,0,1,1,69,1,2,2,1,1,1,1,1,1,2,0,0,24.45,1718.2,1687.05,0
0,0,0,1,49,1,0,2,1,1,1,1,1,1,2,0,1,20.45,1024.65,1002.05,0
1,1,0,0,35,1,0,0,0,0,2,2,2,2,1,1,2,73.0,2471.25,2555.0,0
0,0,1,1,69,1,2,1,0,2,2,0,2,2,0,1,2,103.95,7446.9,7172.55,0
0,1,0,0,41,1,2,1,2,2,2,0,2,2,0,1,2,113.2,4689.5,4641.2,0
0,0,0,0,58,1,2,0,2,2,2,2,0,0,1,1,1,71.1,4299.2,4123.799999999999,0
1,0,1,1,1,1,0,1,0,0,0,0,0,0,0,1,3,70.65,70.65,70.65,1
1,0,0,0,12,1,0,2,1,1,1,1,1,1,0,0,1,20.05,265.45,240.60000000000002,0
1,0,0,1,66,1,0,2,1,1,1,1,1,1,2,0,3,20.55,1357.1,1356.3,0
0,1,0,0,7,1,0,0,0,2,0,0,0,0,0,1,3,51.3,419.35,359.09999999999997,0
0,1,1,0,54,1,2,1,2,2,2,2,2,2,1,1,0,115.6,6431.05,6242.4,0
1,0,1,1,72,1,0,2,1,1,1,1,1,1,2,0,0,19.95,1322.85,1436.3999999999999,0
1,0,1,0,42,1,2,1,0,0,2,2,2,2,0,1,0,106.15,4512.7,4458.3,1
0,0,1,0,2,1,0,1,2,0,0,0,0,0,0,1,2,74.4,139.4,148.8,1
1,0,0,0,10,1,0,0,0,0,0,0,0,0,0,0,3,46.0,492.1,460.0,0
0,0,1,0,58,1,2,1,2,2,2,0,2,2,2,1,0,109.45,6144.55,6348.1,0
0,0,1,1,9,1,0,0,2,0,0,0,0,0,1,0,3,48.6,422.3,437.40000000000003,0
0,0,0,0,32,1,2,1,0,0,0,0,2,0,1,0,2,84.05,2781.85,2689.6,0
0,0,0,0,6,1,0,2,1,1,1,1,1,1,0,1,3,20.95,109.5,125.69999999999999,0
1,1,1,0,50,1,2,1,2,0,2,0,2,2,2,1,1,105.05,5163.3,5252.5,0
1,0,1,1,57,1,0,2,1,1,1,1,1,1,2,0,3,20.75,1123.15,1182.75,0
0,0,0,0,48,1,2,2,1,1,1,1,1,1,1,0,1,25.05,1171.5,1202.4,0
0,0,0,0,56,1,0,1,0,2,0,0,0,0,0,1,2,73.85,4092.85,4135.599999999999,0
0,0,0,0,67,1,2,1,2,2,2,0,2,0,0,1,1,102.95,6886.25,6897.650000000001,0
1,0,0,0,69,0,1,0,2,2,0,2,2,2,2,1,0,60.05,4176.7,4143.45,0
0,0,0,0,23,1,2,1,0,2,0,0,0,0,0,1,2,79.15,1676.95,1820.45,0
1,0,1,1,5,1,0,2,1,1,1,1,1,1,1,0,3,20.1,85.1,100.5,0
1,1,1,0,25,1,2,1,2,0,0,0,0,2,1,1,2,89.05,2177.45,2226.25,0
1,0,0,0,8,1,2,1,0,2,0,0,2,2,0,0,2,100.85,819.55,806.8,1
1,0,0,0,1,1,2,1,0,0,0,0,0,0,0,1,3,74.25,74.25,74.25,1
0,0,0,0,4,1,2,1,0,0,0,0,0,0,0,0,2,75.35,338.1,301.4,1
0,0,1,1,55,1,2,0,2,2,0,2,2,0,1,1,1,75.0,4213.9,4125.0,0
0,1,1,0,1,1,0,0,2,0,0,0,0,0,0,1,2,49.55,49.55,49.55,0
0,0,0,0,42,1,0,2,1,1,1,1,1,1,1,1,3,20.65,958.1,867.3,0
1,0,1,0,40,1,0,1,0,2,2,0,0,0,0,1,2,80.0,3168.75,3200.0,0
1,0,1,0,10,1,0,2,1,1,1,1,1,1,1,0,0,19.6,189.45,196.0,0
1,1,0,0,1,1,2,1,0,0,2,0,2,0,0,1,2,88.8,88.8,88.8,1
0,0,0,0,15,1,0,0,2,2,2,2,2,2,0,0,3,84.45,1287.85,1266.75,0
0,1,1,0,26,1,0,0,0,0,2,0,0,2,1,0,3,60.7,1597.4,1578.2,0
0,0,1,0,70,1,2,1,0,2,2,2,2,2,1,1,2,109.5,7674.55,7665.0,0
0,0,1,1,46,1,0,2,1,1,1,1,1,1,2,1,3,19.95,927.1,917.6999999999999,0
0,0,0,0,12,1,0,0,0,2,0,0,0,0,0,1,2,49.4,611.65,592.8,0
1,0,1,1,13,1,2,1,0,0,0,0,0,0,0,1,1,74.4,896.75,967.2,1
0,0,0,0,12,1,0,1,2,0,0,0,2,0,1,1,1,85.15,979.05,1021.8000000000001,0
0,0,1,1,65,1,2,1,2,0,2,0,2,2,2,1,1,104.3,6725.3,6779.5,0
1,0,0,0,3,1,0,0,0,0,2,0,0,0,0,1,2,49.15,169.05,147.45,1
0,0,0,0,32,1,0,2,1,1,1,1,1,1,0,0,0,19.9,601.55,636.8,0
1,1,1,0,44,0,1,0,0,2,0,0,0,0,0,1,2,30.35,1359.7,1335.4,0
1,0,0,0,1,1,0,0,0,0,2,0,0,0,0,1,3,49.65,49.65,49.65,0
0,0,0,0,24,1,2,1,2,0,0,2,0,0,0,1,2,84.35,1938.05,2024.3999999999999,0
1,0,1,1,72,1,2,1,0,2,2,2,2,2,2,1,0,112.25,8041.65,8082.0,0
1,0,1,0,61,0,1,0,2,0,2,2,2,2,2,1,3,62.15,3778.85,3791.15,0
1,0,0,1,1,1,0,2,1,1,1,1,1,1,0,0,3,19.75,19.75,19.75,0
1,0,1,1,44,0,1,0,0,0,2,2,2,2,1,1,2,54.3,2317.1,2389.2,0
1,0,1,1,62,1,2,2,1,1,1,1,1,1,2,1,0,24.25,1424.6,1503.5,0
0,0,1,1,10,1,0,2,1,1,1,1,1,1,0,1,0,19.8,196.75,198.0,0
0,0,0,0,58,1,0,1,2,2,2,0,2,2,1,1,2,106.45,6145.85,6174.1,0
0,0,0,0,1,1,2,1,0,0,0,0,0,0,0,0,2,76.0,76.0,76.0,1
1,0,1,1,71,1,2,1,2,2,2,2,2,2,2,1,0,114.0,8175.9,8094.0,0
1,0,0,0,1,1,0,0,0,0,0,2,0,0,0,0,3,51.25,51.25,51.25,1
1,0,0,0,20,1,2,0,0,2,0,2,2,0,1,1,2,68.7,1416.2,1374.0,0
0,1,0,0,1,1,0,1,0,0,0,0,2,0,0,0,2,78.45,78.45,78.45,1
1,0,0,0,9,1,0,0,0,0,0,0,0,0,0,1,3,44.4,348.15,399.59999999999997,1
1,0,1,0,70,1,0,1,2,2,2,2,0,2,2,0,1,101.0,7085.5,7070.0,0
0,0,1,1,53,1,0,0,0,0,2,0,0,2,1,0,1,60.6,3297.0,3211.8,0
1,0,0,1,8,1,0,2,1,1,1,1,1,1,0,0,0,19.45,159.2,155.6,0
0,0,0,0,6,0,1,0,2,2,2,2,2,2,2,1,3,63.4,348.8,380.4,0
1,0,0,0,26,1,2,0,0,0,0,0,0,0,1,1,1,51.55,1295.4,1340.3,0
0,0,0,0,47,1,0,1,2,0,0,0,0,0,0,0,1,75.45,3545.1,3546.15,0
0,0,1,1,55,1,2,1,2,2,0,0,0,0,0,1,2,85.1,4600.95,4680.5,0
1,1,0,0,66,1,2,1,0,2,2,2,2,2,1,0,1,110.9,7432.05,7319.400000000001,0
1,0,0,1,31,1,2,0,0,2,0,2,2,2,1,1,3,79.45,2587.7,2462.9500000000003,0
1,0,1,0,32,1,2,1,0,0,0,2,0,0,1,1,2,79.25,2619.15,2536.0,0
1,0,1,1,65,1,0,0,2,0,0,2,2,2,2,1,0,74.8,4820.15,4862.0,0
0,1,0,0,1,1,0,0,0,0,0,0,0,0,0,0,3,45.1,45.1,45.1,1
1,0,0,0,5,1,0,2,1,1,1,1,1,1,0,0,3,20.25,109.8,101.25,0
1,0,1,1,17,1,2,0,0,2,2,2,0,0,0,1,3,66.7,1077.05,1133.9,0
1,0,0,1,21,1,2,2,1,1,1,1,1,1,0,0,3,24.7,467.15,518.6999999999999,0
1,0,0,0,67,1,0,2,1,1,1,1,1,1,2,0,0,19.95,1311.75,1336.6499999999999,0
1,0,0,0,40,1,0,0,2,0,2,0,0,2,0,0,2,67.45,2731.0,2698.0,0
0,0,0,1,72,1,0,2,1,1,1,1,1,1,2,1,3,19.75,1567.0,1422.0,0
1,0,0,0,2,1,0,0,2,0,0,0,0,0,0,1,2,47.8,92.45,95.6,1
1,1,0,0,3,1,2,1,0,2,2,0,2,2,0,1,2,105.0,294.45,315.0,1
1,0,0,0,17,1,0,0,2,2,0,0,0,0,1,0,3,56.1,946.95,953.7,0
1,0,0,0,66,1,2,1,2,2,2,2,2,2,1,1,0,114.3,7383.7,7543.8,0
1,0,1,1,61,1,0,1,0,2,0,2,2,2,1,1,0,98.45,6145.2,6005.45,0
1,1,0,0,13,1,0,0,0,2,0,0,2,0,0,1,2,59.9,788.35,778.6999999999999,0
0,0,1,0,37,1,0,2,1,1,1,1,1,1,1,1,0,19.85,717.5,734.45,0
0,0,0,0,19,1,0,1,2,0,2,2,2,2,0,1,2,106.6,1934.45,2025.3999999999999,0
0,0,0,1,48,1,0,2,1,1,1,1,1,1,1,0,3,19.95,936.7,957.5999999999999,0
0,0,1,0,1,1,0,0,0,0,0,0,2,0,0,1,3,55.3,55.3,55.3,1
1,1,1,0,7,0,1,0,2,0,0,0,0,0,0,0,0,29.8,220.45,208.6,0
0,0,0,0,62,1,2,1,2,2,2,0,0,0,1,1,2,92.05,5755.8,5707.099999999999,0
1,0,1,1,27,1,2,1,2,2,0,2,2,0,0,0,2,100.75,2793.55,2720.25,0
1,0,1,1,39,1,2,2,1,1,1,1,1,1,2,1,3,23.8,903.8,928.2,0
1,0,0,0,2,1,2,0,0,0,0,0,0,2,0,0,0,62.05,118.3,124.1,0
0,0,0,0,2,1,0,2,1,1,1,1,1,1,0,0,3,20.65,38.7,41.3,0
1,0,1,0,42,1,2,1,0,0,2,2,2,2,1,1,2,108.3,4586.15,4548.599999999999,0
1,0,0,0,22,1,2,1,0,2,0,0,0,0,0,1,2,79.35,1730.35,1745.6999999999998,1
1,0,0,0,40,1,2,1,0,0,0,0,2,0,0,1,2,84.9,3369.05,3396.0,0
1,0,1,1,49,1,2,1,0,0,0,2,2,2,1,1,2,97.95,4917.9,4799.55,0
0,0,1,0,11,1,0,0,0,0,0,0,0,0,0,1,2,44.05,483.7,484.54999999999995,0
0,0,0,0,9,1,2,1,0,0,0,0,0,2,0,1,2,83.3,803.3,749.6999999999999,1
0,0,1,1,71,1,2,0,2,2,2,2,2,2,2,0,3,91.05,6293.75,6464.55,0
0,0,0,0,60,1,0,1,2,0,2,2,2,2,0,1,0,104.95,6236.75,6297.0,0
0,0,0,0,20,1,0,0,0,0,0,0,0,0,0,1,2,44.35,927.15,887.0,0
0,0,1,1,72,1,2,1,2,2,2,2,2,2,2,1,0,115.6,8220.4,8323.199999999999,0
1,0,1,0,52,1,2,1,2,0,2,2,0,0,2,1,1,91.6,4627.8,4763.2,0
1,0,1,1,72,1,2,0,2,2,2,2,2,2,2,1,1,90.6,6441.85,6523.2,0
0,0,0,0,18,1,0,2,1,1,1,1,1,1,0,1,3,19.55,389.25,351.90000000000003,0
0,0,1,0,5,1,0,1,0,0,0,0,0,0,0,1,2,68.95,351.5,344.75,1
1,0,1,1,70,1,2,1,2,2,2,2,2,2,2,0,1,114.75,7842.3,8032.5,0
1,0,0,0,50,0,1,0,2,2,0,0,0,0,0,1,3,35.0,1782.4,1750.0,0
1,0,0,0,62,1,2,0,2,2,2,2,0,0,2,0,0,69.4,4237.5,4302.8,0
1,0,1,0,61,1,2,0,2,0,2,0,0,2,2,1,3,69.9,4226.7,4263.900000000001,0
1,0,0,0,1,1,0,2,1,1,1,1,1,1,0,0,3,20.0,20.0,20.0,0
0,0,0,0,11,1,0,2,1,1,1,1,1,1,1,0,1,20.05,237.7,220.55,0
0,0,1,0,37,1,2,0,0,2,0,2,0,2,1,0,3,72.1,2658.4,2667.7,0
1,0,1,0,48,1,0,2,1,1,1,1,1,1,2,0,3,19.25,855.1,924.0,0
1,1,0,0,12,0,1,0,0,0,2,2,0,2,0,1,2,43.65,526.95,523.8,0
0,0,1,1,70,1,2,0,2,2,0,0,2,0,2,1,1,69.2,4872.35,4844.0,0
1,1,0,0,9,1,2,0,2,0,0,0,0,0,0,0,2,54.55,494.05,490.95,0
0,0,0,0,1,1,0,0,0,0,0,0,0,0,0,0,3,43.95,43.95,43.95,0
0,0,1,1,1,1,0,1,0,0,0,0,2,0,0,1,3,80.05,80.05,80.05,1
0,0,0,0,38,1,2,1,0,0,2,2,2,2,0,1,2,103.65,3988.5,3938.7000000000003,0
1,0,0,0,10,1,2,1,0,0,0,0,0,0,0,0,2,75.05,786.3,750.5,0
0,0,1,0,70,1,2,1,0,2,2,2,2,2,2,1,2,110.5,7752.05,7735.0,0
1,0,1,0,29,0,1,0,0,0,0,0,2,2,0,1,2,45.9,1332.4,1331.1,0
1,1,0,0,42,1,2,1,0,2,0,0,0,0,0,1,0,79.35,3344.1,3332.7,0
0,0,0,1,24,1,0,2,1,1,1,1,1,1,2,0,3,19.75,498.1,474.0,0
1,1,0,0,18,1,2,1,0,2,0,0,0,0,0,1,1,80.55,1411.65,1449.8999999999999,1
1,0,1,1,72,1,2,1,0,2,2,0,2,2,1,1,1,104.45,7459.0,7520.400000000001,0
1,1,1,0,30,1,2,1,2,2,2,2,2,0,0,1,0,105.7,3181.8,3171.0,0
0,0,1,1,54,1,0,0,2,0,2,2,0,2,2,0,0,69.95,3871.85,3777.3,0
1,0,1,0,59,1,0,0,2,2,2,0,2,0,1,0,1,66.4,3958.2,3917.6000000000004,0
1,1,1,0,70,1,2,1,0,2,2,0,2,2,0,1,2,102.95,7101.5,7206.5,0
0,0,1,0,71,1,2,0,2,2,2,2,2,2,2,0,0,87.95,6365.35,6244.45,0
0,0,1,1,56,1,0,2,1,1,1,1,1,1,2,1,1,19.8,1119.9,1108.8,0
1,0,0,0,19,1,2,1,0,0,0,0,0,2,0,1,0,86.0,1532.45,1634.0,1
0,1,0,0,59,1,2,1,2,2,2,0,0,0,0,1,2,89.75,5496.9,5295.25,0
1,0,1,1,57,1,0,2,1,1,1,1,1,1,1,0,3,19.4,1061.6,1105.8,0
0,0,1,1,29,1,0,2,1,1,1,1,1,1,2,0,3,20.2,558.8,585.8,0
0,0,1,0,71,1,2,2,1,1,1,1,1,1,2,1,1,24.45,1681.6,1735.95,0
0,1,0,1,30,1,2,1,0,0,0,2,2,2,0,1,2,101.3,2974.5,3039.0,1
1,0,0,0,29,1,0,0,2,2,0,2,0,0,1,1,2,58.75,1696.2,1703.75,0
1,0,0,0,21,1,0,0,0,0,2,0,0,2,0,0,3,61.65,1393.6,1294.6499999999999,0
0,0,1,1,23,1,2,2,1,1,1,1,1,1,2,0,3,25.1,611.45,577.3000000000001,0
1,0,1,1,8,1,0,0,2,0,0,0,0,0,0,1,1,51.3,411.6,410.4,0
1,0,1,1,1,1,0,2,1,1,1,1,1,1,1,0,3,18.8,18.8,18.8,0
1,0,1,1,9,1,0,0,0,2,0,2,0,0,0,0,3,54.8,452.8,493.2,0
1,1,0,0,14,1,2,1,0,0,0,0,0,0,0,1,2,74.95,1036.75,1049.3,0
1,0,0,0,29,0,1,0,0,2,0,2,0,0,0,0,2,34.3,1004.75,994.6999999999999,0
1,0,1,1,72,1,2,1,2,2,2,0,2,2,2,1,0,110.3,7966.9,7941.599999999999,0
1,1,1,0,35,1,2,1,0,0,2,0,0,0,1,1,0,81.6,2815.25,2856.0,0
1,0,0,0,62,1,0,0,0,2,2,2,2,2,0,1,0,80.4,4981.15,4984.8,0
0,1,1,0,60,0,1,0,0,2,0,0,2,2,2,1,1,49.45,2907.55,2967.0,0
0,0,1,1,71,1,0,1,0,0,2,0,0,0,2,0,2,76.05,5436.45,5399.55,0
0,0,1,1,41,1,2,1,0,2,2,2,2,2,1,1,0,109.1,4454.25,4473.099999999999,0
1,0,0,0,1,1,0,2,1,1,1,1,1,1,0,0,2,19.2,19.2,19.2,0
1,0,0,0,2,1,0,2,1,1,1,1,1,1,0,0,3,19.75,39.3,39.5,0
0,0,0,0,18,1,0,1,2,0,0,0,2,2,0,1,2,96.05,1740.7,1728.8999999999999,1
0,0,0,1,11,0,1,0,0,0,0,0,0,0,0,0,2,25.2,321.05,277.2,0
0,1,1,0,72,1,2,1,2,0,0,0,0,0,2,0,0,78.5,5602.25,5652.0,0
1,0,1,1,51,1,2,1,0,2,0,2,0,0,1,0,0,84.2,4299.75,4294.2,0
0,0,1,1,21,1,0,1,0,2,0,0,0,0,0,1,0,74.05,1565.7,1555.05,0
1,0,0,0,1,1,0,2,1,1,1,1,1,1,0,0,3,20.2,20.2,20.2,0
0,0,0,0,4,1,2,1,0,2,0,0,0,2,0,1,2,88.95,355.2,355.8,1
0,1,1,0,60,1,0,1,2,2,2,2,2,2,2,1,0,110.0,6668.35,6600.0,0
0,0,0,0,8,1,0,0,2,0,0,2,0,0,1,0,0,54.25,447.75,434.0,0
0,0,1,1,57,1,2,1,0,2,0,0,2,2,0,1,2,100.6,5611.7,5734.2,0
1,0,0,0,14,1,2,2,1,1,1,1,1,1,1,1,1,24.8,321.7,347.2,0
0,1,0,0,2,1,2,1,0,0,0,0,0,2,0,1,2,84.05,186.05,168.1,1
1,0,0,0,10,1,0,1,0,0,0,0,0,0,0,1,2,70.0,740.0,700.0,1
1,0,0,0,1,1,0,2,1,1,1,1,1,1,0,1,0,20.2,20.2,20.2,1
0,0,1,0,61,1,2,2,1,1,1,1,1,1,2,0,0,25.3,1554.9,1543.3,0
0,1,1,0,70,1,2,1,0,0,0,0,0,0,2,1,1,75.65,5411.4,5295.5,0
0,0,0,0,2,1,0,0,0,0,2,0,0,2,0,0,2,60.85,111.4,121.7,0
0,1,0,0,1,1,0,1,0,0,0,0,2,2,0,1,2,89.3,89.3,89.3,1
0,0,1,1,38,1,0,2,1,1,1,1,1,1,1,0,3,20.3,749.35,771.4,0
1,1,1,0,7,1,0,1,0,0,0,0,0,0,0,1,3,70.1,467.55,490.69999999999993,1
1,1,1,1,60,1,2,1,2,2,0,0,0,2,0,1,2,93.25,5774.55,5595.0,0
0,0,0,0,2,1,0,0,0,2,0,0,0,0,0,0,3,49.2,103.7,98.4,0
0,0,0,0,2,1,0,1,0,0,0,0,2,2,0,1,2,90.4,168.2,180.8,1
1,0,1,0,8,1,0,1,2,0,0,0,0,0,0,1,3,75.0,658.1,600.0,1
1,0,1,1,67,1,2,1,2,2,2,0,2,2,1,1,2,111.3,7482.1,7457.099999999999,0
1,0,0,0,3,0,1,0,2,2,0,0,0,0,0,1,3,35.45,106.85,106.35000000000001,1
1,0,0,0,27,1,0,2,1,1,1,1,1,1,0,1,1,19.4,460.25,523.8,0
1,0,0,0,3,1,0,0,2,0,0,2,2,0,0,1,1,64.4,195.65,193.20000000000002,0
1,0,1,0,15,1,0,2,1,1,1,1,1,1,0,1,1,19.45,340.85,291.75,0
1,0,1,1,7,1,0,1,0,2,0,2,2,0,0,1,2,89.75,608.8,628.25,1
1,0,0,0,1,1,0,2,1,1,1,1,1,1,0,1,3,20.25,20.25,20.25,1
0,0,1,1,48,1,0,2,1,1,1,1,1,1,2,0,0,20.65,1057.0,991.1999999999999,0
1,0,0,0,70,0,1,0,0,0,0,2,0,2,2,1,3,40.05,2799.75,2803.5,0
1,0,1,1,60,1,0,2,1,1,1,1,1,1,2,1,0,20.95,1270.55,1257.0,0
0,0,0,0,9,1,0,2,1,1,1,1,1,1,0,0,3,19.05,157.65,171.45000000000002,0
0,1,1,0,2,1,2,1,0,0,2,0,0,0,0,0,2,79.2,172.85,158.4,1
0,0,1,1,1,0,1,0,2,0,0,0,0,0,0,0,0,30.5,30.5,30.5,0
0,0,0,0,1,1,0,1,0,0,0,0,0,0,0,1,2,70.1,70.1,70.1,1
0,0,1,1,58,1,0,1,0,2,2,0,2,0,0,1,2,91.55,5511.65,5309.9,0
0,0,0,1,39,0,1,0,0,0,2,0,0,0,0,0,1,30.1,1131.3,1173.9,0
1,1,1,0,71,1,2,1,2,2,2,2,0,0,1,1,2,92.0,6585.2,6532.0,0
1,0,1,1,22,1,0,2,1,1,1,1,1,1,1,0,3,20.15,419.9,443.29999999999995,0
1,0,0,1,17,1,0,0,0,0,0,0,0,0,1,0,3,44.6,681.4,758.2,0
0,0,0,0,13,0,1,0,0,0,2,2,0,0,2,0,3,35.4,450.4,460.2,0
1,0,0,0,1,1,0,1,0,0,0,0,0,0,0,1,2,69.35,69.35,69.35,1
0,0,1,0,44,1,0,0,2,2,2,0,0,0,1,1,3,61.5,2722.2,2706.0,0
1,0,0,0,1,1,0,1,0,0,0,0,2,0,0,1,2,79.5,79.5,79.5,1
1,0,1,1,53,1,2,0,0,0,2,2,2,2,1,1,3,78.75,3942.45,4173.75,0
1,0,0,0,3,0,1,0,0,0,0,0,0,0,0,0,2,25.1,79.8,75.30000000000001,1
0,0,1,0,24,1,2,1,0,0,2,0,0,0,0,1,3,79.65,1928.7,1911.6000000000001,0
0,1,1,0,62,1,2,1,0,2,2,0,2,0,1,1,1,97.95,5936.55,6072.900000000001,0
0,0,0,0,5,1,0,0,0,0,0,0,0,0,0,1,1,44.05,202.15,220.25,0
0,0,0,0,6,1,0,0,0,0,0,0,0,2,0,1,2,55.0,340.4,330.0,0
0,0,1,0,49,1,0,2,1,1,1,1,1,1,2,1,0,20.15,973.35,987.3499999999999,0
1,0,0,0,5,1,0,2,1,1,1,1,1,1,0,1,3,19.25,86.05,96.25,0
1,1,0,0,2,1,2,1,0,0,0,0,2,2,0,1,2,94.0,181.7,188.0,1
1,0,1,0,71,1,2,1,2,2,2,2,2,2,2,1,2,116.25,8564.75,8253.75,0
0,0,1,0,53,1,0,1,2,2,2,2,2,2,1,0,2,110.5,5835.5,5856.5,0
0,0,1,1,45,1,0,0,0,2,0,2,0,0,1,1,1,54.15,2319.8,2436.75,0
0,0,0,0,27,1,0,2,1,1,1,1,1,1,1,0,3,19.15,501.35,517.05,0
0,0,1,1,36,1,0,0,2,0,0,0,0,0,0,0,1,51.05,1815.0,1837.8,0
1,0,0,1,54,1,2,0,0,2,0,0,0,0,0,1,1,55.0,3092.65,2970.0,0
1,0,1,0,57,1,2,1,0,0,2,2,2,2,2,0,2,107.95,5969.85,6153.150000000001,0
1,0,0,0,1,1,0,0,0,2,0,0,0,0,0,1,2,50.75,50.75,50.75,1
0,0,1,1,34,1,0,0,2,2,2,2,2,2,2,0,3,84.75,2839.45,2881.5,0
0,0,0,0,56,0,1,0,0,0,0,0,2,2,0,1,1,44.85,2564.95,2511.6,0
0,0,0,0,11,1,2,1,0,0,0,0,0,0,0,1,2,76.5,837.95,841.5,0
1,0,1,1,7,1,0,2,1,1,1,1,1,1,0,0,3,20.25,144.35,141.75,0
1,0,1,1,5,1,2,0,2,2,0,2,0,0,0,0,1,64.4,316.9,322.0,0
1,0,1,1,24,1,2,0,2,0,0,0,2,2,1,0,3,74.8,1821.2,1795.1999999999998,0
1,1,1,0,54,1,2,1,0,0,0,0,0,0,0,0,0,74.0,3919.15,3996.0,0
1,0,1,0,72,1,2,0,2,2,2,2,2,2,2,1,0,89.05,6254.45,6411.599999999999,0
1,0,1,1,30,1,2,0,2,2,2,2,0,0,0,0,2,67.6,2000.2,2027.9999999999998,0
0,1,0,0,15,1,0,1,2,0,2,2,0,2,0,1,3,96.3,1426.75,1444.5,1
0,0,1,1,15,1,0,2,1,1,1,1,1,1,0,0,3,20.05,284.3,300.75,0
1,1,0,0,57,1,2,1,0,2,0,2,2,2,0,1,0,104.9,5913.95,5979.3,0
1,0,1,1,72,1,2,1,0,2,2,2,0,0,2,0,0,90.45,6565.85,6512.400000000001,0
1,0,1,1,13,1,0,1,0,0,2,0,2,2,0,0,2,97.0,1334.45,1261.0,1
0,0,0,0,60,1,0,2,1,1,1,1,1,1,2,0,3,20.6,1093.0,1236.0,0
1,0,0,0,22,1,2,0,2,2,2,0,0,0,0,0,3,65.05,1427.55,1431.1,0
1,0,0,0,34,1,2,1,0,2,0,2,2,2,0,1,2,105.35,3540.65,3581.8999999999996,0
0,0,0,0,7,1,0,1,0,0,0,0,2,0,0,1,2,79.7,586.05,557.9,1
0,0,1,1,20,1,0,2,1,1,1,1,1,1,0,0,2,20.0,417.65,400.0,0
0,0,1,1,52,1,0,1,0,2,2,2,0,0,0,0,0,85.8,4433.3,4461.599999999999,0
1,0,0,0,24,1,2,1,0,2,0,0,2,2,0,1,0,99.65,2404.85,2391.6000000000004,0
0,1,0,0,4,1,2,0,0,0,0,0,0,0,0,0,3,48.75,179.85,195.0,1
1,1,1,0,57,1,2,0,0,2,2,0,2,0,1,1,1,71.1,4140.1,4052.7,0
1,0,1,1,66,1,0,0,2,2,2,2,0,0,2,0,3,65.85,4097.05,4346.099999999999,0
0,0,0,0,11,1,0,0,0,0,0,0,2,2,0,1,2,64.9,716.1,713.9000000000001,0
0,0,1,1,57,1,2,0,2,0,2,2,2,2,2,1,2,84.5,4845.4,4816.5,0
0,0,1,1,40,1,2,1,0,0,2,2,0,0,0,1,2,84.85,3303.05,3394.0,0
0,1,0,0,57,0,1,0,0,2,2,0,2,2,0,1,2,55.0,3094.05,3135.0,0
0,0,0,0,2,1,2,1,0,0,0,0,2,2,0,1,2,95.15,196.9,190.3,1
1,0,1,1,70,1,2,0,2,2,2,2,0,2,1,0,0,78.35,5445.95,5484.5,0
1,1,1,0,7,1,0,1,0,0,0,0,2,2,0,1,2,89.5,676.7,626.5,0
1,0,0,0,17,1,0,2,1,1,1,1,1,1,0,0,1,21.1,385.55,358.70000000000005,0
0,1,0,1,33,1,2,1,0,2,2,0,2,2,0,1,0,105.35,3465.05,3476.5499999999997,1
0,1,0,0,18,1,0,1,0,2,0,0,0,0,0,1,2,73.55,1359.45,1323.8999999999999,0
0,0,1,1,63,1,0,0,2,2,2,2,0,0,2,0,3,63.55,4014.2,4003.6499999999996,0
0,0,0,0,20,1,0,2,1,1,1,1,1,1,0,1,1,18.9,347.65,378.0,0
0,0,0,0,70,1,2,0,2,2,2,0,2,2,2,0,3,84.7,5991.05,5929.0,0
0,1,1,0,53,1,2,1,0,0,0,0,2,2,1,1,1,95.85,5016.25,5080.049999999999,0
0,0,1,0,24,1,0,2,1,1,1,1,1,1,1,0,3,20.15,456.85,483.59999999999997,0
0,0,1,1,56,1,2,1,0,2,2,2,0,2,1,1,1,99.75,5608.4,5586.0,0
0,0,1,0,39,1,0,1,2,0,2,2,2,2,1,1,1,104.7,4134.85,4083.3,0
0,1,1,0,17,1,2,1,0,0,0,0,2,2,0,1,2,92.55,1614.7,1573.35,1
1,0,1,0,15,1,0,1,0,0,0,0,0,0,0,1,0,68.6,1108.6,1029.0,0
1,1,1,1,38,1,2,1,0,2,0,0,2,2,0,0,2,101.15,3741.85,3843.7000000000003,0
0,0,0,0,13,0,1,0,0,0,2,0,2,2,0,0,2,49.15,649.4,638.9499999999999,0
1,0,1,1,44,1,0,2,1,1,1,1,1,1,1,0,0,20.6,926.0,906.4000000000001,0
1,1,1,0,46,1,0,1,0,0,0,0,0,2,0,1,2,80.4,3605.2,3698.4,0
0,0,1,0,56,1,0,1,0,0,2,2,2,2,0,1,2,98.7,5669.5,5527.2,0
1,1,0,0,2,1,0,0,0,0,0,0,0,0,0,1,2,44.15,92.65,88.3,1
1,0,0,0,6,1,0,2,1,1,1,1,1,1,0,0,3,18.95,110.15,113.69999999999999,0
0,1,1,1,48,0,1,0,0,2,0,0,0,0,1,0,0,29.9,1388.75,1435.1999999999998,0
0,0,1,1,68,1,2,0,2,2,2,2,0,2,1,1,2,78.45,5333.35,5334.6,0
1,0,0,0,31,1,2,1,0,2,0,0,0,0,0,1,2,80.45,2429.1,2493.9500000000003,0
1,0,0,0,12,1,2,1,0,2,2,2,2,2,0,1,3,112.95,1384.75,1355.4,1
0,0,0,0,1,1,0,1,0,0,0,0,0,0,0,1,2,70.1,70.1,70.1,1
0,1,1,0,72,1,2,0,2,2,2,2,2,2,2,0,1,89.1,6352.4,6415.2,0
1,1,0,0,5,1,0,2,1,1,1,1,1,1,0,0,0,20.05,94.15,100.25,0
0,0,0,0,3,1,0,0,0,2,0,2,2,2,0,1,2,75.3,244.1,225.89999999999998,1
1,0,1,0,63,1,2,1,0,2,2,0,2,2,0,1,2,102.4,6444.05,6451.200000000001,0
0,0,0,0,67,1,0,0,2,0,2,2,0,2,1,1,0,72.35,4991.5,4847.45,0
1,0,1,0,66,1,2,0,2,2,2,0,0,0,2,1,1,66.1,4428.45,4362.599999999999,0
1,0,0,0,23,1,0,2,1,1,1,1,1,1,0,0,2,20.85,473.9,479.55,0
0,0,1,1,8,1,0,2,1,1,1,1,1,1,0,0,1,21.05,139.75,168.4,0
0,0,1,0,64,1,0,2,1,1,1,1,1,1,2,0,1,19.45,1208.6,1244.8,0
0,0,1,0,16,0,1,0,0,0,0,2,2,2,0,1,2,49.95,810.2,799.2,0
0,1,0,0,17,1,2,1,0,0,0,0,2,2,0,1,2,94.2,1608.15,1601.4,1
0,0,0,0,1,1,0,2,1,1,1,1,1,1,0,0,3,19.65,19.65,19.65,0
1,0,1,0,72,1,2,1,2,2,0,2,0,2,2,1,0,100.55,7325.1,7239.599999999999,0
0,0,0,0,15,1,2,1,0,2,0,0,2,2,0,1,2,100.15,1415.0,1502.25,1
0,0,0,0,60,1,2,0,0,0,2,2,2,2,1,0,1,80.55,4847.05,4833.0,0
0,0,0,0,15,1,2,0,2,0,0,0,0,0,0,1,3,55.7,899.8,835.5,0
0,0,0,0,1,1,2,1,0,0,0,0,2,2,0,0,3,95.65,95.65,95.65,1
0,0,0,1,8,0,1,0,2,0,0,0,0,2,0,1,2,38.5,330.8,308.0,0
0,0,1,0,63,1,2,0,2,2,0,0,2,2,1,1,1,79.7,4786.15,5021.1,0
1,0,0,0,1,1,0,0,0,0,0,0,0,0,0,1,2,44.8,44.8,44.8,0
1,0,0,0,1,1,0,0,2,0,0,0,0,0,0,1,3,48.55,48.55,48.55,0
0,0,0,1,1,1,0,0,2,0,0,2,0,0,0,0,2,54.5,54.5,54.5,1
0,1,1,0,56,1,2,1,2,2,2,2,0,0,1,0,2,95.65,5471.75,5356.400000000001,0
1,0,1,0,35,1,0,0,2,2,2,0,0,0,0,0,3,61.0,2130.45,2135.0,0
1,0,1,0,22,1,0,1,0,0,2,0,2,0,0,1,0,87.0,1850.65,1914.0,0
1,0,0,0,1,1,0,2,1,1,1,1,1,1,0,1,3,19.5,19.5,19.5,1
1,0,0,0,50,1,0,1,2,2,0,2,0,2,0,1,1,93.5,4747.5,4675.0,0
1,0,1,0,41,1,2,1,0,2,0,0,0,0,0,1,2,80.25,3439.0,3290.25,1
1,0,1,1,39,1,2,1,0,0,2,0,2,2,1,0,2,100.0,3835.55,3900.0,0
1,0,0,0,1,1,0,0,2,0,0,2,0,0,0,1,2,53.95,53.95,53.95,0
0,0,1,1,8,1,0,0,0,2,0,2,0,0,0,0,0,56.3,401.5,450.4,0
1,0,0,0,20,1,0,1,0,0,0,0,2,0,0,0,2,78.8,1641.3,1576.0,0
1,1,1,0,51,1,2,1,2,0,2,0,2,0,0,1,0,93.8,4750.95,4783.8,0
1,1,0,0,1,1,0,1,0,0,0,2,0,0,0,0,2,74.7,74.7,74.7,0
1,1,1,0,72,1,0,1,2,2,0,2,0,0,2,1,1,84.8,6141.65,6105.599999999999,0
1,1,1,0,24,1,0,1,0,0,2,0,2,2,0,1,2,93.15,2231.05,2235.6000000000004,1
0,0,0,0,56,1,0,2,1,1,1,1,1,1,2,0,0,19.7,1051.9,1103.2,0
0,0,0,0,53,1,0,1,2,2,2,2,0,2,2,0,3,99.5,5424.25,5273.5,0
1,0,1,1,47,1,2,0,0,2,0,0,0,0,0,0,2,54.25,2538.2,2549.75,0
0,0,1,1,72,1,2,1,0,2,2,2,2,2,2,1,0,109.2,7711.45,7862.400000000001,0
1,0,1,1,11,1,2,1,0,0,0,0,0,0,0,1,2,74.35,834.2,817.8499999999999,1
0,1,1,0,60,1,2,1,2,2,2,2,2,2,2,1,0,116.05,6925.9,6963.0,0
1,1,0,0,19,1,2,1,0,2,0,0,2,0,0,1,2,88.2,1775.8,1675.8,1
1,0,0,1,1,1,0,2,1,1,1,1,1,1,0,1,3,21.05,21.05,21.05,0
0,0,0,0,32,1,2,0,0,2,0,0,0,0,0,1,2,54.2,1739.6,1734.4,0
1,0,1,1,8,1,0,2,1,1,1,1,1,1,0,0,1,19.65,169.75,157.2,0
1,0,0,0,5,1,0,0,0,0,2,2,2,2,0,0,0,75.15,392.65,375.75,0
0,0,0,0,36,1,0,2,1,1,1,1,1,1,1,1,0,19.25,679.8,693.0,0
1,0,0,0,23,1,2,1,0,0,0,2,2,0,0,1,2,90.6,1943.2,2083.7999999999997,1
1,0,0,0,5,1,0,1,0,0,0,0,0,0,0,1,2,69.75,324.6,348.75,1
0,0,1,1,38,1,0,2,1,1,1,1,1,1,2,1,3,20.2,746.05,767.6,0
1,0,0,0,1,1,2,1,0,0,0,0,0,0,0,1,2,75.3,75.3,75.3,1
1,0,0,0,42,1,2,1,0,0,2,0,0,0,0,0,2,79.9,3313.4,3355.8,1
1,1,0,0,70,0,1,0,0,0,0,0,2,2,1,1,2,45.25,3264.45,3167.5,0
1,0,0,0,2,1,0,2,1,1,1,1,1,1,0,0,3,19.35,46.35,38.7,0
0,1,0,0,1,1,0,1,0,0,0,0,0,0,0,1,2,69.6,69.6,69.6,1
0,0,1,1,2,0,1,0,0,0,0,2,0,0,0,0,0,29.05,44.75,58.1,1
1,0,0,0,2,1,2,1,0,0,0,0,0,0,0,1,2,76.5,162.45,153.0,1
0,0,0,0,41,1,2,1,0,0,2,0,2,2,0,0,0,98.05,3990.6,4020.0499999999997,0
1,0,0,0,1,1,0,0,2,0,0,0,0,0,0,0,3,51.25,51.25,51.25,0
1,0,1,1,70,1,2,0,2,2,2,2,2,2,2,1,1,90.15,6237.05,6310.5,0
1,0,1,0,31,1,2,0,0,0,0,0,2,0,0,1,1,59.05,1882.8,1830.55,0
0,0,0,0,18,1,0,1,0,0,0,0,0,0,0,1,2,69.8,1221.65,1256.3999999999999,0
0,0,0,0,1,0,1,0,0,0,0,2,0,0,0,0,3,30.55,30.55,30.55,0
0,0,1,1,14,1,0,2,1,1,1,1,1,1,2,0,3,18.8,255.55,263.2,0
1,0,1,0,72,1,0,0,2,2,0,2,2,2,2,1,0,79.35,5753.25,5713.2,0
0,0,0,0,58,1,2,2,1,1,1,1,1,1,2,1,1,24.7,1519.0,1432.6,0
0,0,0,0,34,1,2,0,2,2,0,2,0,0,1,1,3,64.4,2088.75,2189.6000000000004,0
0,0,1,0,2,1,0,2,1,1,1,1,1,1,0,0,0,19.85,52.0,39.7,0
0,0,1,1,14,1,2,1,0,0,0,0,2,0,0,1,2,84.8,1203.9,1187.2,1
0,0,1,1,61,1,2,0,2,2,2,2,2,2,2,0,3,88.1,5526.75,5374.099999999999,0
0,0,1,0,38,1,2,1,0,0,2,2,2,2,0,1,2,105.0,4026.4,3990.0,0
0,0,1,1,58,1,2,1,2,2,0,0,0,2,0,1,0,93.4,5435.6,5417.200000000001,0
1,0,0,0,2,1,0,0,0,0,0,2,2,2,0,0,2,70.3,132.4,140.6,0
1,0,0,1,1,1,0,2,1,1,1,1,1,1,0,0,3,20.05,20.05,20.05,0
0,0,0,0,39,1,0,1,0,0,2,2,0,0,2,1,2,80.45,3201.55,3137.55,0
1,0,0,0,68,1,2,0,2,2,2,0,0,2,1,1,1,76.9,5023.0,5229.200000000001,0
0,0,1,1,31,1,0,2,1,1,1,1,1,1,2,0,3,21.0,697.7,651.0,0
0,0,1,1,55,1,0,1,0,0,0,0,0,0,2,1,1,69.05,3842.6,3797.75,0
0,0,1,1,14,1,2,1,0,2,0,0,0,2,0,1,0,90.9,1259.0,1272.6000000000001,1
0,1,0,0,55,1,2,1,0,0,2,0,2,2,1,1,2,100.0,5509.3,5500.0,0
1,0,0,0,25,1,0,1,2,0,2,2,2,2,0,1,2,105.5,2686.05,2637.5,0
1,0,1,1,72,1,2,0,2,2,2,2,2,2,2,0,1,89.7,6339.3,6458.400000000001,0
1,1,1,0,6,1,2,1,0,0,2,0,0,0,0,1,2,80.8,457.1,484.79999999999995,1
0,1,1,0,45,1,0,1,0,0,2,0,0,2,0,1,2,86.1,3861.45,3874.4999999999995,0
1,0,1,1,56,1,0,0,2,2,2,0,0,0,2,1,0,59.8,3457.45,3348.7999999999997,0
0,0,0,0,13,0,1,0,0,0,0,0,0,2,0,1,2,35.1,446.1,456.3,0
0,0,1,0,28,1,2,1,0,0,2,2,2,2,0,1,2,104.8,3046.05,2934.4,1
0,0,1,0,7,1,0,0,0,0,0,0,0,0,0,1,3,44.25,313.45,309.75,0
0,1,0,0,18,1,2,1,0,2,0,2,2,2,0,1,1,103.6,1806.35,1864.8,0
1,0,0,0,46,1,2,1,0,2,2,0,2,0,1,1,1,94.9,4422.95,4365.400000000001,0
0,0,1,0,64,1,2,2,1,1,1,1,1,1,2,0,1,25.0,1584.8,1600.0,0
0,0,0,0,4,1,0,0,0,0,0,0,0,0,0,1,3,46.0,193.6,184.0,0
0,0,1,0,71,0,1,0,2,2,2,2,0,0,2,1,0,47.6,3377.8,3379.6,0
0,0,1,1,38,1,0,2,1,1,1,1,1,1,0,0,3,20.45,781.25,777.1,0
1,0,0,1,55,1,0,2,1,1,1,1,1,1,1,0,0,19.1,1001.5,1050.5,0
0,1,0,0,1,1,0,1,0,0,2,0,0,2,0,1,2,85.0,85.0,85.0,1
0,0,0,0,11,1,0,1,0,2,2,2,0,2,0,1,2,94.2,999.9,1036.2,1
1,0,1,0,63,1,2,1,0,2,2,0,2,2,0,1,2,103.4,6603.0,6514.200000000001,0
0,1,1,0,66,1,2,0,0,2,2,0,2,2,2,1,0,80.55,5265.1,5316.3,0
1,1,0,0,22,1,2,1,0,0,0,0,2,2,0,1,2,96.7,2082.95,2127.4,1
0,0,0,0,5,1,2,1,0,0,0,0,2,0,0,1,2,84.0,424.75,420.0,1
0,1,0,0,18,1,0,0,0,2,0,0,0,0,0,1,1,49.85,865.75,897.3000000000001,0
0,0,0,0,20,1,0,2,1,1,1,1,1,1,2,0,3,19.7,406.95,394.0,0
0,1,1,0,18,1,2,1,0,0,0,2,2,2,0,0,0,99.75,1836.25,1795.5,0
1,0,1,1,65,1,2,1,2,0,2,2,2,2,2,0,0,108.65,6937.95,7062.25,0
1,0,1,1,69,1,2,0,2,0,2,2,2,2,2,0,0,86.9,6194.1,5996.1,0
0,0,1,0,52,1,0,0,2,0,2,0,2,0,1,1,3,64.3,3410.6,3343.6,0
1,0,0,0,2,1,0,1,0,0,0,0,0,2,0,1,2,80.2,181.1,160.4,1
0,1,1,1,48,1,0,1,2,0,2,2,2,2,0,1,2,104.5,5068.05,5016.0,0
0,0,1,0,42,1,2,1,0,0,2,2,0,0,0,1,2,84.3,3588.4,3540.6,0
1,1,1,0,23,1,2,1,0,2,2,0,2,2,0,1,2,104.45,2184.85,2402.35,1
1,0,1,0,72,1,2,1,0,2,2,0,2,2,2,1,0,103.75,7346.2,7470.0,0
1,0,1,1,24,1,2,2,1,1,1,1,1,1,2,1,0,24.1,587.4,578.4000000000001,0
0,0,0,1,7,0,1,0,2,0,0,0,0,0,0,0,3,29.8,201.95,208.6,0
0,0,0,0,66,1,2,1,0,0,2,0,2,0,1,1,0,92.15,6056.9,6081.900000000001,0
1,0,0,0,67,1,2,1,2,2,2,2,2,2,1,1,0,118.35,7804.15,7929.45,0
1,0,1,0,47,1,2,1,0,2,2,0,2,2,0,1,2,104.1,5135.15,4892.7,1
0,1,1,0,47,1,2,1,0,0,2,0,2,2,0,0,2,99.7,4747.2,4685.900000000001,0
1,0,0,0,2,1,0,0,2,0,2,0,0,0,0,0,2,53.45,119.5,106.9,0
0,0,1,1,12,1,2,2,1,1,1,1,1,1,2,0,1,25.25,274.7,303.0,0
1,0,0,0,3,1,0,1,0,0,0,0,0,0,0,1,3,70.3,220.4,210.89999999999998,0
1,1,1,0,69,1,2,1,0,2,2,0,0,2,0,1,0,95.35,6382.0,6579.15,0
1,0,0,0,1,1,0,1,0,0,0,0,2,0,0,1,2,79.05,79.05,79.05,1
1,0,1,1,8,1,0,0,0,0,0,0,0,0,1,1,3,43.45,345.5,347.6,0
1,0,0,0,3,1,2,1,0,2,2,0,2,2,0,1,0,105.35,323.25,316.04999999999995,1
0,0,1,1,30,0,1,0,0,0,0,2,2,2,0,0,1,51.2,1561.5,1536.0,0
1,0,0,0,29,1,0,0,0,0,2,2,2,2,1,1,0,75.35,2243.9,2185.1499999999996,0
0,0,0,0,40,1,0,2,1,1,1,1,1,1,2,1,0,20.6,827.3,824.0,0
1,0,1,0,72,1,2,0,2,0,2,2,2,2,2,0,1,86.65,6094.25,6238.8,0
1,0,1,0,48,1,2,1,2,2,2,0,2,2,0,1,0,111.45,5315.1,5349.6,0
1,1,0,0,47,1,0,1,2,0,0,0,0,2,0,0,3,85.5,4042.3,4018.5,0
0,1,0,0,4,1,0,2,1,1,1,1,1,1,0,0,3,20.05,91.45,80.2,0
1,0,1,1,72,1,2,1,2,2,2,2,2,2,2,1,1,114.05,8289.2,8211.6,0
1,0,0,0,1,1,0,2,1,1,1,1,1,1,0,1,1,19.75,19.75,19.75,0
1,0,0,1,52,1,2,2,1,1,1,1,1,1,2,0,1,25.6,1334.5,1331.2,0
1,0,1,0,5,0,1,0,0,0,0,0,0,0,0,1,2,24.95,100.4,124.75,0
1,0,1,1,22,1,0,2,1,1,1,1,1,1,1,0,0,20.25,488.25,445.5,0
0,0,1,1,18,1,0,0,2,2,0,2,0,0,1,1,3,61.5,1087.45,1107.0,0
0,0,1,1,54,1,2,2,1,1,1,1,1,1,1,1,0,24.75,1342.15,1336.5,0
1,0,0,0,25,1,0,2,1,1,1,1,1,1,0,0,3,20.6,541.5,515.0,0
0,0,0,0,38,1,0,2,1,1,1,1,1,1,2,0,3,20.3,743.05,771.4,0
0,0,1,0,2,1,0,1,0,0,0,0,0,0,0,1,2,70.7,141.45,141.4,1
0,0,0,0,2,1,2,0,0,0,0,2,0,0,0,1,3,54.35,117.05,108.7,1
0,0,0,0,7,1,0,0,0,0,0,2,2,2,0,1,1,70.75,450.8,495.25,0
1,0,0,0,4,1,0,0,0,0,0,0,2,0,0,1,2,56.4,234.85,225.6,0
0,0,1,1,3,0,1,0,2,0,0,0,0,0,0,0,1,29.7,91.7,89.1,0
1,0,1,0,53,1,0,2,1,1,1,1,1,1,2,0,1,19.9,1110.05,1054.6999999999998,0
0,0,0,0,17,1,0,2,1,1,1,1,1,1,1,0,1,20.05,337.9,340.85,0
0,0,0,0,70,0,1,0,2,2,2,2,0,0,2,1,0,44.6,3058.15,3122.0,0
1,0,0,0,25,1,2,1,0,0,0,0,2,2,0,1,0,94.7,2362.1,2367.5,0
1,0,0,0,1,1,0,2,1,1,1,1,1,1,0,0,3,20.3,20.3,20.3,0
0,0,0,0,1,1,0,0,2,0,0,0,0,0,0,0,0,49.55,49.55,49.55,0
0,1,0,0,24,1,0,2,1,1,1,1,1,1,0,1,3,20.3,459.95,487.20000000000005,0
1,1,0,0,3,1,2,1,0,0,2,0,2,0,0,0,2,91.05,289.1,273.15,1
1,0,1,1,48,1,2,2,1,1,1,1,1,1,2,0,3,23.55,1173.35,1130.4,0
0,0,0,0,66,0,1,0,2,2,2,2,2,2,2,1,0,62.5,4136.4,4125.0,0
1,0,1,1,19,1,2,1,0,0,0,2,2,2,1,1,2,100.95,1875.55,1918.05,0
0,0,0,0,1,1,0,0,0,0,2,0,0,0,0,1,3,50.45,50.45,50.45,1
0,0,1,1,72,1,2,2,1,1,1,1,1,1,2,0,0,25.2,1787.35,1814.3999999999999,0
1,0,0,0,10,1,0,2,1,1,1,1,1,1,0,1,3,19.85,193.05,198.5,0
1,0,1,1,54,1,2,0,2,2,0,2,0,0,2,1,1,65.65,3566.7,3545.1000000000004,0
0,0,1,0,71,1,2,2,1,1,1,1,1,1,2,0,0,24.75,1836.9,1757.25,0
1,0,1,1,27,1,2,1,0,0,0,0,0,0,0,1,0,75.75,1929.0,2045.25,0
0,0,1,0,57,1,0,2,1,1,1,1,1,1,2,1,0,19.6,1134.25,1117.2,0
0,0,1,1,10,1,2,0,2,2,0,0,2,0,1,0,2,70.3,676.15,703.0,0
0,1,0,0,2,1,0,1,0,0,0,0,2,0,0,0,3,81.5,162.55,163.0,1
0,0,0,0,34,1,0,0,2,0,2,2,2,2,1,1,0,79.95,2727.3,2718.3,0
1,1,1,0,19,0,1,0,0,2,2,0,0,0,0,1,1,34.3,577.15,651.6999999999999,0
0,0,0,0,17,1,0,1,0,0,0,0,0,0,0,1,2,70.0,1144.5,1190.0,0
1,0,0,0,66,0,1,0,0,0,0,2,0,0,1,0,1,29.45,1983.15,1943.7,0
0,0,0,0,31,1,2,1,0,0,0,2,0,0,0,1,1,79.85,2404.15,2475.35,0
0,0,0,0,56,0,1,0,2,2,2,2,0,0,2,0,0,45.05,2560.1,2522.7999999999997,0
1,0,0,1,49,1,2,1,0,0,0,2,2,2,1,1,0,100.6,5069.65,4929.4,0
1,0,0,1,27,1,0,0,2,2,0,0,0,0,1,0,3,56.2,1567.55,1517.4,0
0,0,0,0,45,1,2,0,2,0,0,2,0,2,2,0,3,73.55,3349.1,3309.75,0
1,0,0,0,1,0,1,0,0,0,0,0,0,0,0,0,3,25.35,25.35,25.35,1
0,0,0,0,3,1,0,2,1,1,1,1,1,1,0,0,3,19.85,57.2,59.550000000000004,0
1,0,0,0,35,1,0,0,2,2,2,0,0,0,1,0,3,61.2,2021.2,2142.0,0
0,1,0,0,5,1,0,1,0,0,0,0,0,2,0,0,2,78.95,378.4,394.75,0
1,0,0,0,54,1,2,1,0,2,0,0,0,0,0,1,0,79.85,4308.25,4311.9,0
0,0,0,0,13,1,0,2,1,1,1,1,1,1,1,0,2,19.65,244.8,255.45,0
1,1,0,0,3,1,2,1,0,0,0,0,2,2,0,1,2,94.85,335.75,284.54999999999995,1
0,0,1,0,9,1,0,1,0,0,2,0,0,0,0,1,0,75.75,655.9,681.75,0
0,0,0,0,24,1,0,0,2,0,0,2,0,0,0,0,1,56.35,1381.2,1352.4,0
1,0,0,0,9,1,0,0,2,0,2,2,0,2,0,1,0,68.25,576.95,614.25,0
0,0,1,1,70,1,2,0,2,0,0,0,0,2,1,0,0,65.2,4543.15,4564.0,0
0,0,1,0,72,1,2,1,0,2,2,2,2,2,2,1,0,110.45,7982.5,7952.400000000001,0
1,0,1,1,45,1,2,1,0,2,2,2,2,2,2,1,0,109.75,4900.65,4938.75,0
0,0,0,0,39,0,1,0,2,2,0,2,0,0,1,1,0,40.3,1630.4,1571.6999999999998,0
1,0,1,0,51,1,2,1,2,2,0,0,0,2,1,1,1,96.4,4911.05,4916.400000000001,0
1,0,0,0,1,1,0,2,1,1,1,1,1,1,0,1,3,20.1,20.1,20.1,1
0,0,0,0,29,0,1,0,0,0,0,0,0,0,0,1,1,25.1,712.85,727.9000000000001,0
1,0,0,0,22,1,2,2,1,1,1,1,1,1,0,1,1,24.85,493.4,546.7,0
0,1,0,0,20,1,2,1,0,0,0,0,0,2,0,1,1,85.8,1727.5,1716.0,1
1,0,0,0,8,0,1,0,2,0,0,0,0,0,0,0,3,29.35,216.45,234.8,0
0,0,1,0,15,1,0,1,0,0,2,0,2,0,0,1,2,84.3,1308.4,1264.5,1
1,0,0,0,1,1,0,0,2,0,0,0,0,0,0,1,3,50.75,50.75,50.75,0
0,0,1,1,54,1,2,0,2,0,0,2,0,0,2,0,0,60.0,3273.95,3240.0,0
0,0,1,1,18,1,0,2,1,1,1,1,1,1,2,0,3,19.35,309.25,348.3,0
1,1,1,0,18,1,0,0,2,0,0,0,0,2,0,1,1,59.1,1011.05,1063.8,0
1,0,1,1,72,0,1,0,2,2,2,2,0,0,2,0,1,45.25,3139.8,3258.0,0
0,0,1,1,33,1,2,2,1,1,1,1,1,1,2,1,3,24.5,740.3,808.5,0
0,0,0,0,7,1,0,1,0,0,0,0,0,0,0,1,0,69.85,515.45,488.94999999999993,0
1,0,1,0,44,0,1,0,0,2,2,0,2,2,2,0,0,54.3,2390.45,2389.2,0
0,0,0,0,2,1,2,1,0,0,0,0,0,0,0,0,1,74.9,147.15,149.8,1
1,0,0,0,58,1,2,1,0,0,0,2,0,0,0,0,0,80.65,4807.35,4677.700000000001,0
1,0,1,0,2,1,0,1,0,0,0,2,2,2,0,1,2,94.2,167.5,188.4,1
0,0,0,0,17,1,0,2,1,1,1,1,1,1,0,0,1,19.7,340.35,334.9,0
0,0,0,0,36,1,2,1,0,2,2,0,2,2,1,1,0,104.8,3886.45,3772.7999999999997,0
0,1,1,0,71,1,0,1,0,2,2,0,0,2,2,0,1,89.45,6435.25,6350.95,0
1,1,0,0,67,1,2,1,0,0,0,0,0,0,0,1,3,75.7,5060.85,5071.900000000001,0
1,0,1,0,17,0,1,0,0,2,0,0,2,2,0,1,3,49.8,836.35,846.5999999999999,0
0,0,1,1,67,1,2,1,0,2,2,2,2,2,1,1,1,112.35,7388.45,7527.45,0
1,0,0,0,65,1,2,1,0,2,2,0,2,2,2,0,1,105.1,6631.85,6831.5,0
1,0,1,1,1,1,0,1,0,0,0,0,0,0,0,1,2,68.5,68.5,68.5,1
0,0,1,0,7,1,0,1,0,0,0,0,2,0,0,1,2,81.1,576.65,567.6999999999999,1
0,0,1,1,11,1,0,2,1,1,1,1,1,1,1,1,3,20.0,196.35,220.0,0
0,0,1,0,69,1,2,1,2,2,2,2,2,2,2,1,2,116.0,8182.85,8004.0,0
0,0,1,0,70,1,0,2,1,1,1,1,1,1,2,0,0,19.45,1303.5,1361.5,0
0,0,1,1,72,0,1,0,2,2,2,2,2,2,2,0,0,64.45,4528.0,4640.400000000001,0
0,0,0,0,7,1,2,1,0,0,0,0,0,0,0,1,2,73.85,511.25,516.9499999999999,1
1,0,0,1,3,1,0,1,0,0,0,0,0,0,0,0,2,69.65,220.1,208.95000000000002,0
1,0,1,0,72,1,2,0,0,2,2,2,2,2,2,0,0,85.95,6151.9,6188.400000000001,0
0,0,0,0,16,1,0,1,0,2,2,0,0,2,0,1,1,93.2,1573.7,1491.2,1
0,0,0,0,38,1,0,2,1,1,1,1,1,1,2,0,3,20.05,741.5,761.9,0
0,0,0,0,1,1,0,1,0,0,0,0,0,0,0,1,2,70.85,70.85,70.85,1
1,0,0,0,1,1,0,0,0,0,0,0,0,0,0,1,2,42.9,42.9,42.9,0
0,0,1,0,42,0,1,0,0,2,0,2,0,0,1,0,3,33.55,1445.3,1409.1,0
0,1,0,0,3,1,0,1,0,0,2,0,0,0,0,0,3,75.05,202.9,225.14999999999998,1
1,0,0,0,35,1,2,1,2,0,2,2,2,2,2,1,2,108.95,4025.5,3813.25,0
1,0,1,1,72,1,2,1,2,2,2,2,2,2,2,1,1,114.3,8058.55,8229.6,0
0,0,1,0,64,1,2,2,1,1,1,1,1,1,2,0,3,25.55,1714.95,1635.2,0
1,0,0,0,1,1,0,0,0,0,0,0,0,0,0,0,2,45.75,45.75,45.75,1
0,0,1,0,12,1,0,0,2,0,0,2,0,0,0,0,0,54.2,690.5,650.4000000000001,0
1,1,1,0,10,1,2,1,0,0,2,0,0,2,0,1,2,89.8,914.3,898.0,1
0,0,0,0,15,1,0,2,1,1,1,1,1,1,0,0,0,19.75,297.3,296.25,0
0,1,1,0,29,0,1,0,2,0,2,0,0,2,0,1,2,45.0,1228.65,1305.0,0
1,0,1,1,63,1,0,1,0,2,2,0,0,0,0,1,1,80.3,4896.35,5058.9,0
0,0,1,1,36,1,2,1,2,0,2,0,2,2,0,1,1,104.5,3684.95,3762.0,0
0,0,1,0,55,1,2,1,0,2,2,0,2,0,0,1,1,94.45,5073.1,5194.75,0
1,0,1,1,72,1,2,1,2,2,2,2,2,0,2,1,1,106.1,7548.6,7639.2,0
0,0,0,0,5,1,2,0,0,2,0,0,0,2,0,1,2,64.0,370.25,320.0,0
1,0,0,0,16,1,0,1,0,0,0,2,0,0,0,1,1,74.55,1170.5,1192.8,0
0,0,0,0,49,1,2,1,0,0,0,0,0,2,0,1,2,84.5,3906.7,4140.5,0
1,0,1,0,66,1,2,0,2,2,2,2,2,2,2,0,0,91.7,6075.9,6052.2,0
0,0,1,1,72,1,2,0,2,2,2,2,2,2,2,0,1,90.95,6652.45,6548.400000000001,0
1,0,0,0,5,0,1,0,2,0,2,2,0,0,0,0,3,40.0,223.45,200.0,0
0,0,1,1,71,1,0,0,2,2,2,2,2,2,2,0,1,87.25,6328.7,6194.75,0
1,0,1,0,30,1,2,0,0,0,0,0,0,0,0,0,2,49.9,1441.95,1497.0,0
1,0,1,1,18,1,0,0,2,0,2,2,2,2,0,0,2,83.25,1611.15,1498.5,0
1,1,0,0,4,1,0,1,0,0,2,0,2,2,0,1,2,94.75,422.4,379.0,1
0,0,1,1,67,1,2,1,2,0,0,2,2,2,2,0,1,106.7,7009.5,7148.900000000001,0
1,1,1,0,69,1,2,1,2,2,0,0,0,0,0,1,1,84.9,5785.65,5858.1,0
1,0,1,0,39,1,0,2,1,1,1,1,1,1,2,1,0,20.45,790.0,797.55,0
1,1,1,0,52,1,2,1,0,2,2,0,2,2,1,1,0,105.1,5376.4,5465.2,0
1,0,0,1,38,1,2,1,0,0,2,0,2,2,0,1,0,99.25,3777.15,3771.5,0
1,0,1,0,71,1,2,1,2,0,2,2,2,2,2,1,1,108.55,7616.0,7707.05,0
1,1,0,0,3,1,2,1,0,2,0,0,0,0,0,1,2,81.35,233.7,244.04999999999998,1
1,0,0,0,9,0,1,0,0,0,0,0,0,0,0,1,2,24.95,190.25,224.54999999999998,0
1,0,0,0,17,1,0,2,1,1,1,1,1,1,1,0,3,19.95,310.6,339.15,0
1,0,1,0,35,1,2,1,0,0,0,2,0,2,0,1,0,89.85,3161.2,3144.75,0
0,0,1,1,72,1,2,0,2,0,2,2,2,2,2,1,0,83.3,6042.7,5997.599999999999,0
1,0,1,0,41,1,0,2,1,1,1,1,1,1,2,1,2,19.75,899.45,809.75,0
1,0,0,0,63,1,0,0,2,2,2,2,2,2,2,1,0,86.7,5309.5,5462.1,0
0,1,1,0,32,1,2,1,0,0,0,0,2,0,0,1,1,85.95,2628.6,2750.4,0
0,0,1,0,13,1,2,1,0,2,2,0,2,0,0,0,2,94.1,1215.6,1223.3,1
0,0,1,1,72,1,2,2,1,1,1,1,1,1,1,1,0,23.3,1623.15,1677.6000000000001,0
0,0,0,0,52,1,2,1,0,2,0,0,0,0,1,1,3,80.2,4297.6,4170.400000000001,0
1,0,0,0,31,1,0,1,0,2,2,0,2,2,0,1,2,101.4,3143.65,3143.4,0
1,0,1,1,72,1,2,2,1,1,1,1,1,1,2,0,0,25.0,1738.9,1800.0,0
0,0,0,0,29,1,2,1,0,0,2,0,2,2,0,1,1,98.6,2933.2,2859.3999999999996,0
0,0,0,0,40,1,2,0,0,0,2,2,2,2,1,1,3,80.75,3208.65,3230.0,0
0,1,1,0,66,1,2,1,0,2,2,0,2,2,1,0,1,104.6,6819.45,6903.599999999999,0
0,0,0,0,1,1,0,1,0,0,2,0,2,2,0,0,2,94.4,94.4,94.4,1
1,0,0,0,2,1,0,0,0,0,0,0,0,0,0,1,1,46.0,84.5,92.0,0
1,0,1,0,72,1,2,1,2,2,2,2,2,2,2,0,0,115.15,8349.45,8290.800000000001,0
0,1,0,0,66,1,2,1,2,0,0,0,2,2,2,1,0,102.4,6471.85,6758.400000000001,0
1,0,1,1,50,1,2,0,0,0,2,0,0,0,1,0,0,54.9,2614.1,2745.0,0
0,0,0,0,15,1,0,1,2,2,0,0,2,2,0,1,1,99.1,1426.4,1486.5,1
0,0,1,0,37,1,2,1,0,0,2,0,0,0,0,1,1,78.95,2839.65,2921.15,0
0,0,1,1,13,1,0,1,0,0,0,0,2,2,0,0,2,88.35,1222.8,1148.55,1
0,1,1,0,58,1,2,1,0,2,0,0,2,2,1,1,0,97.8,5458.8,5672.4,0
1,1,0,0,15,1,2,1,0,0,0,0,0,0,0,1,1,74.2,1133.9,1113.0,1
1,0,1,1,18,1,0,2,1,1,1,1,1,1,1,0,0,19.8,342.3,356.40000000000003,0
0,0,1,1,72,1,2,1,2,2,0,0,2,0,2,1,0,95.9,6954.15,6904.8,0
0,0,0,0,31,1,0,1,2,0,2,2,0,0,0,0,2,87.6,2724.25,2715.6,0
1,0,0,0,53,1,0,2,1,1,1,1,1,1,2,0,0,19.65,978.0,1041.4499999999998,0
0,0,1,0,26,1,0,0,0,2,2,2,2,2,0,0,0,81.9,2078.55,2129.4,0
1,0,0,0,6,1,0,0,2,0,2,2,2,2,2,1,3,80.25,493.4,481.5,0
1,0,1,0,61,1,2,1,0,2,2,2,2,2,0,1,2,114.1,7132.15,6960.099999999999,0
1,0,1,1,9,1,2,1,0,0,2,0,0,0,0,1,0,79.35,661.25,714.15,1
0,0,1,0,46,1,0,0,0,2,0,0,2,2,0,1,1,69.1,3168.0,3178.6,0
0,0,0,0,62,1,0,0,2,0,0,2,0,2,2,1,3,65.1,3846.75,4036.2,0
0,0,1,1,52,1,2,1,0,2,2,0,2,0,1,1,1,95.7,4976.15,4976.400000000001,0
0,0,0,1,1,1,0,1,0,0,0,0,0,0,0,1,2,69.65,69.65,69.65,1
0,0,1,1,11,0,1,0,2,0,0,0,0,0,0,1,2,29.6,346.45,325.6,0
0,0,0,0,72,1,2,1,2,2,2,2,2,2,2,1,0,116.45,8013.55,8384.4,0
1,1,1,0,32,1,2,1,0,2,2,0,0,2,0,1,2,93.5,2970.8,2992.0,1
0,0,0,0,65,1,0,0,2,2,0,2,0,0,2,1,3,59.6,3739.8,3874.0,0
0,0,1,1,52,1,0,0,0,0,2,0,0,0,1,1,0,50.95,2610.65,2649.4,0
1,0,0,0,47,1,2,1,2,2,0,2,2,0,0,0,3,100.75,4669.2,4735.25,0
1,0,1,1,55,1,2,1,0,0,2,0,2,0,0,1,1,90.4,5099.15,4972.0,0
1,0,0,1,1,0,1,0,0,0,0,0,0,0,0,0,2,24.75,24.75,24.75,0
1,0,0,0,2,1,0,1,0,0,0,0,2,0,0,1,2,80.25,144.55,160.5,1
1,0,1,1,35,1,0,2,1,1,1,1,1,1,2,0,3,19.6,686.95,686.0,0
0,0,1,1,33,1,0,2,1,1,1,1,1,1,1,0,3,20.1,579.4,663.3000000000001,0
1,0,1,1,15,1,0,1,2,0,0,2,2,2,1,0,2,101.9,1667.25,1528.5,0
0,0,1,0,72,1,2,0,2,2,2,2,2,2,2,1,0,90.95,6468.6,6548.400000000001,0
1,1,0,0,1,1,0,0,0,0,0,0,0,0,0,0,2,44.0,44.0,44.0,1
0,0,1,1,43,1,0,0,0,0,0,0,2,0,0,0,2,56.15,2499.3,2414.45,0
1,0,0,0,10,1,0,0,0,2,0,0,2,0,0,1,3,59.65,638.95,596.5,0
1,0,0,0,5,1,0,2,1,1,1,1,1,1,0,0,3,20.35,92.75,101.75,0
1,0,0,0,57,1,2,1,0,0,0,2,2,0,2,1,1,90.45,5229.8,5155.650000000001,0
0,0,1,1,17,1,2,1,2,0,2,0,2,0,0,0,2,94.4,1607.2,1604.8000000000002,1
0,0,1,0,52,1,2,1,0,2,0,2,2,2,0,1,1,102.7,5138.1,5340.400000000001,0
1,0,0,0,15,1,2,0,0,2,0,2,0,0,0,1,1,58.6,939.7,879.0,0
1,1,0,0,24,1,2,1,0,0,0,0,0,0,0,1,2,76.1,1712.7,1826.3999999999999,1
1,0,1,1,30,1,2,1,2,2,0,0,2,0,0,1,2,94.4,2838.7,2832.0,0
1,0,0,0,3,1,0,0,2,0,2,0,2,2,0,1,2,77.4,206.15,232.20000000000002,0
1,0,1,0,23,1,2,1,2,2,2,0,2,0,0,1,2,99.25,2186.4,2282.75,1
0,0,0,0,29,1,0,2,1,1,1,1,1,1,0,0,1,19.35,601.6,561.1500000000001,0
0,0,0,0,1,0,1,0,0,0,0,0,0,0,0,0,3,24.4,24.4,24.4,0
1,0,0,0,2,1,0,0,0,0,0,2,0,0,0,1,1,50.2,109.25,100.4,0
1,0,1,1,40,1,2,1,0,0,2,0,0,0,0,1,2,81.2,3292.3,3248.0,0
1,0,0,0,1,1,0,0,0,0,0,0,0,0,0,0,2,44.0,44.0,44.0,0
1,0,1,0,62,0,1,0,0,0,0,2,2,0,2,1,0,39.0,2337.45,2418.0,0
1,0,0,0,32,1,0,2,1,1,1,1,1,1,1,0,1,20.35,707.5,651.2,0
0,0,1,1,33,1,0,2,1,1,1,1,1,1,2,0,1,19.8,641.35,653.4,0
0,0,1,1,71,1,0,2,1,1,1,1,1,1,2,0,0,20.5,1500.95,1455.5,0
0,0,1,1,10,1,0,2,1,1,1,1,1,1,2,0,3,20.15,220.8,201.5,0
0,0,0,1,15,1,0,0,2,2,2,2,0,0,1,0,1,65.6,1010.0,983.9999999999999,0
1,0,1,0,43,1,0,1,2,2,2,0,0,0,0,1,1,86.1,3551.65,3702.2999999999997,0
1,0,0,0,2,1,2,1,0,0,0,0,2,0,0,1,2,85.65,181.5,171.3,1
1,0,0,0,5,1,2,1,0,0,0,0,2,2,0,1,0,94.85,462.8,474.25,1
0,0,0,0,68,0,1,0,2,0,2,2,0,0,2,0,3,38.9,2719.2,2645.2,0
1,0,0,0,2,1,0,0,0,0,0,0,0,0,0,0,3,44.65,74.9,89.3,1
0,1,1,1,66,1,2,1,2,2,0,2,2,2,1,1,1,110.6,7210.85,7299.599999999999,0
1,0,0,0,1,1,0,1,0,0,0,0,0,0,0,1,2,69.65,69.65,69.65,1
0,1,0,0,50,1,2,1,2,2,0,0,0,0,0,1,2,83.4,4113.7,4170.0,0
0,0,0,0,15,1,0,1,0,0,2,0,2,2,0,1,1,94.0,1505.45,1410.0,1
1,0,1,0,65,1,2,1,2,0,2,0,2,2,0,1,2,104.25,6812.95,6776.25,0
1,1,1,0,68,1,2,1,0,2,2,0,2,2,0,1,2,105.3,7299.65,7160.4,0
0,0,1,1,72,1,0,2,1,1,1,1,1,1,2,1,3,20.7,1482.3,1490.3999999999999,0
0,0,0,0,10,1,2,1,0,2,0,0,0,0,0,1,1,81.0,818.05,810.0,1
1,0,1,0,58,0,1,0,0,0,0,0,2,2,1,1,1,45.0,2689.35,2610.0,0
1,0,0,0,1,1,0,1,0,0,0,0,2,2,0,1,2,89.25,89.25,89.25,1
0,0,0,0,12,1,2,1,0,0,0,0,0,2,0,1,2,86.55,1066.9,1038.6,1
1,0,0,0,55,1,2,0,0,0,2,0,2,2,2,1,0,77.8,4323.35,4279.0,0
1,0,0,0,3,1,2,1,0,0,0,0,0,0,0,1,2,74.4,229.55,223.20000000000002,1
0,0,0,1,15,1,0,1,0,0,0,0,0,0,0,0,0,69.0,994.8,1035.0,0
0,0,0,0,54,1,2,1,0,2,0,0,2,2,2,1,0,97.2,5129.45,5248.8,0
0,1,1,1,12,0,1,0,0,0,0,2,0,0,0,1,3,29.3,355.9,351.6,0
1,0,0,0,2,1,0,2,1,1,1,1,1,1,0,0,3,20.0,32.7,40.0,0
1,0,0,1,13,1,0,0,0,0,0,0,0,0,0,0,3,44.0,659.35,572.0,0
0,0,1,0,20,1,0,1,0,0,0,0,0,0,0,1,0,69.8,1540.35,1396.0,0
0,0,1,0,72,0,1,0,2,2,2,2,2,2,2,0,0,65.5,4919.7,4716.0,0
0,0,1,0,67,1,2,0,2,2,2,0,0,0,2,0,3,65.65,4322.85,4398.55,0
1,0,0,1,11,1,2,1,0,0,0,0,0,2,0,0,2,86.2,893.2,948.2,0
1,0,0,0,1,1,0,0,0,0,2,2,0,0,0,0,3,55.05,55.05,55.05,1
0,0,1,1,72,1,2,0,2,2,2,2,2,2,2,0,1,89.8,6510.45,6465.599999999999,0
1,0,1,0,30,1,0,0,0,0,2,0,0,0,0,1,3,50.0,1474.9,1500.0,0
0,1,0,0,27,1,2,1,0,2,2,0,0,0,0,1,0,86.45,2401.05,2334.15,1
0,0,1,1,14,1,0,0,2,2,0,2,0,0,0,0,0,59.45,780.85,832.3000000000001,0
0,0,0,0,1,1,0,0,0,0,0,0,0,0,0,0,1,43.95,43.95,43.95,0
0,0,0,0,46,1,2,0,2,0,2,0,2,2,2,0,3,79.2,3593.8,3643.2000000000003,0
0,1,0,0,1,1,2,1,0,0,0,0,0,0,0,1,2,74.2,74.2,74.2,1
0,0,0,0,52,0,1,0,2,2,0,2,0,0,2,0,3,39.1,1982.1,2033.2,0
1,0,0,0,1,1,0,0,0,0,0,0,0,0,0,0,2,45.3,45.3,45.3,1
1,0,1,0,22,1,0,1,0,0,2,0,2,2,0,1,1,94.7,1914.9,2083.4,0
0,1,0,0,63,1,2,1,0,0,2,0,0,2,0,1,0,89.6,5538.8,5644.799999999999,0
0,0,1,1,1,1,0,1,0,0,0,0,0,0,0,1,2,69.8,69.8,69.8,1
1,0,1,0,32,1,2,0,2,0,0,2,2,0,1,1,1,72.8,2333.05,2329.6,0
0,0,0,0,5,1,0,0,0,2,0,0,0,0,0,0,0,50.55,244.75,252.75,1
1,0,0,0,54,1,0,0,2,2,0,2,2,0,0,1,3,69.9,3883.3,3774.6000000000004,0
0,0,0,0,1,1,0,2,1,1,1,1,1,1,0,0,3,19.5,19.5,19.5,1
0,0,0,0,18,1,2,1,0,0,0,2,2,2,0,1,0,99.85,1776.95,1797.3,0
1,0,0,0,6,1,0,0,0,0,2,0,2,0,0,0,3,60.9,414.1,365.4,0
1,0,1,1,6,1,0,0,0,2,2,0,0,0,0,1,3,55.3,324.25,331.79999999999995,0
1,0,0,0,1,1,0,2,1,1,1,1,1,1,0,0,3,19.1,19.1,19.1,0
1,0,0,0,17,1,0,0,2,2,0,0,0,0,0,1,1,55.5,934.15,943.5,0
1,1,1,0,1,1,2,1,2,0,0,0,0,0,0,1,2,80.3,80.3,80.3,1
0,0,1,0,9,1,0,1,0,0,0,0,0,2,0,1,2,79.75,769.1,717.75,1
1,0,1,1,72,1,2,0,2,2,2,2,2,2,2,0,1,88.7,6501.35,6386.400000000001,0
1,0,0,0,12,1,0,0,0,0,0,2,0,0,0,0,0,50.25,593.75,603.0,0
0,0,1,1,39,1,0,2,1,1,1,1,1,1,2,1,0,19.85,854.8,774.1500000000001,0
1,1,1,0,35,1,2,1,2,2,0,0,0,2,0,1,2,94.55,3365.4,3309.25,0
0,0,0,0,72,1,2,1,0,0,2,2,2,2,2,1,1,107.5,7853.7,7740.0,0
0,0,0,1,17,1,2,0,0,0,2,0,0,0,1,1,3,55.85,937.5,949.45,0
1,0,0,0,72,1,2,0,2,2,2,2,0,0,2,0,0,69.65,4908.25,5014.8,0
0,0,0,0,59,1,2,1,0,2,2,0,0,0,0,1,2,83.25,4949.1,4911.75,0
1,0,1,0,72,1,2,1,0,2,0,0,2,2,2,1,2,99.4,7285.7,7156.8,0
1,1,1,1,60,1,2,1,2,0,0,0,0,0,0,1,2,80.95,4859.1,4857.0,0
0,1,0,0,72,1,2,1,2,2,2,2,2,2,2,1,1,117.35,8436.25,8449.199999999999,0
1,0,0,0,15,0,1,0,0,0,0,2,0,0,0,1,2,29.7,438.25,445.5,0
1,0,1,0,68,0,1,0,2,0,2,0,2,2,2,1,0,54.1,3794.5,3678.8,0
0,1,0,0,71,1,2,1,0,0,2,0,2,2,2,0,0,104.05,7413.55,7387.55,0
1,0,1,1,58,1,2,1,0,0,2,2,2,2,1,1,0,105.05,6004.85,6092.9,0
1,0,0,0,44,1,0,1,0,2,0,2,2,2,0,0,2,100.55,4398.15,4424.2,0
0,1,1,0,72,1,2,1,2,0,2,2,2,2,2,1,3,109.75,8075.35,7902.0,0
1,0,1,1,6,1,2,2,1,1,1,1,1,1,2,0,3,25.4,153.3,152.39999999999998,0
0,0,0,0,9,1,0,2,1,1,1,1,1,1,0,0,3,20.25,186.15,182.25,0
1,0,1,1,66,1,0,2,1,1,1,1,1,1,2,0,1,20.0,1374.2,1320.0,0
0,0,0,0,13,1,0,1,0,2,2,0,0,0,0,1,2,79.25,1111.65,1030.25,1
1,1,0,0,20,1,2,1,0,0,0,0,2,0,0,1,2,84.35,1745.2,1687.0,1
1,0,0,1,1,1,0,2,1,1,1,1,1,1,0,1,3,19.2,19.2,19.2,1
0,0,1,1,5,1,2,2,1,1,1,1,1,1,0,1,3,24.3,132.25,121.5,0
1,0,1,0,51,1,0,0,2,2,2,2,2,2,2,1,1,83.85,4307.1,4276.349999999999,0
1,0,0,0,32,1,2,1,0,2,0,0,0,0,0,1,0,80.35,2596.15,2571.2,0
1,0,1,0,67,1,0,1,2,2,0,0,0,2,1,1,1,90.6,6056.15,6070.2,0
1,0,1,1,12,1,2,2,1,1,1,1,1,1,2,1,0,25.4,313.0,304.79999999999995,0
1,0,0,0,27,1,2,1,0,0,2,0,0,0,0,1,2,81.3,2272.8,2195.1,1
1,1,1,0,60,1,0,1,0,2,2,0,2,2,1,1,2,97.95,5867.0,5877.0,0
0,0,0,1,18,1,2,0,2,0,0,0,0,2,0,0,2,64.8,1166.7,1166.3999999999999,0
0,1,0,0,3,1,0,1,0,0,0,0,0,0,0,1,2,70.3,235.5,210.89999999999998,1
0,0,0,0,1,1,0,2,1,1,1,1,1,1,0,0,2,19.3,19.3,19.3,0
0,0,0,0,2,1,0,2,1,1,1,1,1,1,0,0,3,20.35,45.3,40.7,0
0,0,0,0,30,0,1,0,0,0,0,2,0,2,1,1,1,40.35,1187.05,1210.5,0
1,0,1,0,71,1,2,1,2,2,2,0,2,2,1,1,2,109.6,7854.15,7781.599999999999,0
0,0,1,0,17,1,2,1,0,0,0,0,2,2,0,0,2,92.6,1579.7,1574.1999999999998,1
1,0,0,0,3,1,0,1,0,2,0,0,0,2,0,0,2,84.3,235.05,252.89999999999998,0
0,0,0,0,1,1,0,0,0,0,0,0,0,0,0,0,3,45.3,45.3,45.3,0
0,1,0,0,67,1,2,0,0,2,0,0,0,0,0,0,2,54.9,3725.5,3678.2999999999997,0
1,0,0,0,31,1,2,1,0,0,0,2,0,0,1,0,1,81.7,2548.65,2532.7000000000003,0
1,1,0,0,29,1,0,1,0,2,2,0,2,2,0,1,0,101.45,2948.6,2942.05,0
1,1,1,0,41,1,2,1,2,0,2,0,0,0,0,1,0,83.75,3273.55,3433.75,0
1,0,0,0,11,1,0,1,2,0,2,0,0,0,0,1,0,79.5,795.65,874.5,0
1,0,1,1,24,1,0,0,2,2,0,2,0,2,0,1,1,70.3,1706.45,1687.1999999999998,0
1,0,0,1,18,1,0,0,0,0,0,0,0,0,0,1,1,45.65,747.2,821.6999999999999,0
1,0,1,1,25,1,0,1,0,0,0,2,2,0,0,0,2,85.9,2199.05,2147.5,0
0,1,1,0,13,0,1,0,0,0,0,0,2,2,0,0,2,45.3,528.45,588.9,1
1,0,0,0,4,1,0,1,0,0,0,0,0,2,0,1,2,79.9,324.3,319.6,1
0,0,0,0,29,0,1,0,0,0,0,2,0,0,0,1,2,31.2,926.2,904.8,0
0,0,1,0,72,1,2,1,2,0,0,0,0,0,2,0,0,80.45,5737.6,5792.400000000001,0
1,0,1,1,70,1,0,2,1,1,1,1,1,1,2,0,1,20.05,1360.25,1403.5,0
1,0,1,1,67,1,0,1,0,2,2,2,2,2,2,0,0,103.15,6895.5,6911.05,0
0,0,1,0,20,1,0,1,0,0,2,2,0,0,0,1,3,81.0,1683.7,1620.0,0
1,0,0,0,64,1,0,1,2,2,0,0,2,2,1,1,1,100.3,6603.8,6419.2,0
0,0,0,1,18,0,1,0,0,0,0,0,0,2,0,1,2,35.0,553.0,630.0,0
1,0,0,0,1,1,0,0,0,0,0,2,0,0,0,1,2,49.3,49.3,49.3,0
1,0,1,1,72,1,2,0,2,0,2,2,2,2,2,1,1,83.55,6093.3,6015.599999999999,0
1,0,1,0,67,1,0,1,2,2,0,0,2,2,1,1,1,100.9,6733.15,6760.3,0
1,0,0,0,5,1,0,0,0,0,2,0,2,2,1,1,3,70.0,347.4,350.0,0
1,0,0,0,24,1,2,0,2,0,0,0,0,0,0,1,0,55.65,1400.55,1335.6,0
0,0,1,0,59,1,0,2,1,1,1,1,1,1,1,0,3,20.35,1267.0,1200.65,0
0,0,0,0,71,1,2,1,0,2,2,2,2,2,2,1,2,111.25,7984.15,7898.75,0
0,0,0,0,1,1,0,1,0,0,2,0,0,0,0,0,0,73.5,73.5,73.5,1
0,0,1,1,36,1,0,2,1,1,1,1,1,1,0,0,0,19.2,702.9,691.1999999999999,0
0,0,1,1,25,1,0,2,1,1,1,1,1,1,2,1,3,18.7,383.65,467.5,0
1,0,1,1,6,1,0,1,0,0,0,0,0,0,0,1,2,69.8,377.85,418.79999999999995,1
1,0,1,0,50,1,2,1,0,2,0,0,2,2,1,1,2,98.25,4858.7,4912.5,0
0,0,0,0,3,1,0,2,1,1,1,1,1,1,0,0,3,19.85,63.75,59.550000000000004,1
0,0,1,0,62,1,2,0,2,2,0,2,2,2,2,1,2,84.95,5150.55,5266.900000000001,0
0,0,0,0,6,1,0,1,0,0,0,0,2,2,0,1,2,91.1,455.3,546.5999999999999,1
0,0,0,0,5,1,2,2,1,1,1,1,1,1,0,0,3,25.45,134.75,127.25,0
0,0,1,1,68,1,2,1,0,2,0,2,2,2,2,1,1,103.75,7039.45,7055.0,0
1,0,0,1,14,1,0,0,2,2,2,2,0,2,2,0,0,76.1,1054.8,1065.3999999999999,0
0,1,1,0,30,1,2,1,0,2,0,0,2,0,0,1,2,90.05,2627.2,2701.5,1
0,0,1,1,37,1,2,1,0,2,2,0,0,2,0,1,2,95.15,3532.85,3520.55,0
0,0,1,1,69,1,2,1,2,2,2,2,2,2,2,0,1,113.25,7895.15,7814.25,0
1,0,0,1,27,1,2,2,1,1,1,1,1,1,2,1,1,25.85,788.55,697.95,0
1,0,1,1,51,1,2,1,2,2,0,2,2,2,1,0,1,110.05,5686.4,5612.55,0
0,0,0,0,7,1,0,0,2,2,2,0,0,0,0,0,2,61.4,438.9,429.8,0
1,0,0,0,19,1,0,0,0,0,2,2,0,0,0,1,1,55.0,1046.5,1045.0,0
1,0,0,0,25,1,0,2,1,1,1,1,1,1,1,0,1,19.9,510.8,497.49999999999994,0
1,0,1,0,56,1,2,1,2,0,0,0,2,2,1,1,2,100.55,5514.95,5630.8,0
0,0,0,0,1,1,0,2,1,1,1,1,1,1,0,0,3,19.1,19.1,19.1,0
0,1,1,1,68,0,1,0,0,2,2,0,2,2,2,1,2,53.0,3656.25,3604.0,0
1,1,1,0,61,1,2,1,0,2,0,0,0,0,0,1,2,82.15,4904.85,5011.150000000001,0
0,0,1,1,68,1,0,2,1,1,1,1,1,1,2,1,0,19.35,1292.65,1315.8000000000002,0
1,0,1,1,54,1,0,2,1,1,1,1,1,1,2,0,1,20.4,1090.6,1101.6,0
1,0,0,0,1,1,2,0,0,0,0,0,0,0,0,1,2,50.45,50.45,50.45,0
1,0,0,0,1,1,0,2,1,1,1,1,1,1,0,0,3,19.05,19.05,19.05,0
1,0,0,0,12,1,2,1,0,0,0,0,2,2,0,0,2,94.55,1173.55,1134.6,1
0,0,0,0,26,1,0,0,0,2,2,0,0,0,1,1,3,56.05,1553.2,1457.3,0
0,1,0,0,35,1,2,1,2,2,2,2,2,2,1,1,0,110.8,3836.3,3878.0,0
0,0,1,1,72,1,2,2,1,1,1,1,1,1,2,0,0,25.1,1857.85,1807.2,0
